{
  "parent": "item/handheld",
  "textures": {
    "layer0": "qualityarmory:all/aiming"
  },
  "display": {
    "thirdperson_righthand": {
      "rotation": [
        -7,
        -2,
        -10
      ],
      "translation": [
        0,
        -4,
        -2
      ],
      "scale": [
        0.1,
        0.1,
        0.1
      ]
    },
    "firstperson_righthand": {
      "rotation": [
        0,
        -2,
        0
      ],
      "translation": [
        0,
        -5,
        0
      ],
      "scale": [
        0.1,
        0.1,
        0.1
      ]
    }
  }
}