{"textures":{"0":"modelengine:entity/bs_vm_armadillo_texture","particle":"#0"},"elements":[{"from":[6.5,5.0,6.5],"to":[9.5,9.0,9.5],"faces":{"east":{"uv":[10.75,0.0,11.5,1.0],"tintindex":0,"rotation":0,"texture":"#0"},"south":{"uv":[10.75,1.0,11.5,2.0],"tintindex":0,"rotation":0,"texture":"#0"},"north":{"uv":[10.5,10.0,11.25,11.0],"tintindex":0,"rotation":0,"texture":"#0"},"west":{"uv":[10.75,2.0,11.5,3.0],"tintindex":0,"rotation":0,"texture":"#0"},"up":{"uv":[11.25,11.75,10.5,11.0],"tintindex":0,"rotation":0,"texture":"#0"},"down":{"uv":[0.75,11.25,0.0,12.0],"tintindex":0,"rotation":0,"texture":"#0"}}}],"display":{"head":{"rotation":[0.0,0.0,0.0]},"firstperson_righthand":{"rotation":[0.0,0.0,0.0]},"thirdperson_lefthand":{"rotation":[0.0,-0.0,-0.0]},"firstperson_lefthand":{"rotation":[0.0,-0.0,-0.0]},"fixed":{"rotation":[0.0,0.0,0.0]},"ground":{"rotation":[0.0,0.0,0.0]},"thirdperson_righthand":{"rotation":[0.0,0.0,0.0]},"gui":{"rotation":[-150.0,-45.0,180.0]}}}