{"textures":{"0":"modelengine:entity/bs_vm_armadillo_texture","particle":"#0"},"elements":[{"from":[1.5,3.595859,1.9939737],"to":[14.5,15.59586,9.993974],"faces":{"east":{"uv":[0.0,8.25,2.0,11.25],"tintindex":0,"rotation":0,"texture":"#0"},"south":{"uv":[3.25,3.0,6.5,6.0],"tintindex":0,"rotation":0,"texture":"#0"},"north":{"uv":[3.25,0.0,6.5,3.0],"tintindex":0,"rotation":0,"texture":"#0"},"west":{"uv":[2.0,8.25,4.0,11.25],"tintindex":0,"rotation":0,"texture":"#0"},"up":{"uv":[9.75,8.0,6.5,6.0],"tintindex":0,"rotation":0,"texture":"#0"},"down":{"uv":[9.75,8.0,6.5,10.0],"tintindex":0,"rotation":0,"texture":"#0"}}}],"display":{"head":{"rotation":[0.0,0.0,0.0]},"firstperson_righthand":{"rotation":[0.0,0.0,0.0]},"thirdperson_lefthand":{"rotation":[0.0,-0.0,-0.0]},"firstperson_lefthand":{"rotation":[0.0,-0.0,-0.0]},"fixed":{"rotation":[0.0,0.0,0.0]},"ground":{"rotation":[0.0,0.0,0.0]},"thirdperson_righthand":{"rotation":[0.0,0.0,0.0]},"gui":{"rotation":[-150.0,-45.0,180.0]}}}