{
  "credit": "Made with Blockbench, a free, modern block model editor by JannisX11",
  "textures": {
    "0": "qualityarmory:all/whitenorange",
    "particle": "qualityarmory:all/whitenorange"
  },
  "elements": [
    {
      "from": [
        3.1875,
        8.5625,
        4
      ],
      "to": [
        4.4375,
        8.8125,
        4.5
      ],
      "rotation": {
        "angle": 0,
        "axis": "z",
        "origin": [
          3.6875,
          8.3125,
          3.75
        ]
      },
      "faces": {
        "north": {
          "uv": [
            12,
            13,
            13.25,
            13.5
          ],
          "texture": "#0"
        },
        "east": {
          "uv": [
            12,
            13,
            13.25,
            13.5
          ],
          "texture": "#0"
        },
        "south": {
          "uv": [
            12,
            13,
            13.25,
            13.5
          ],
          "texture": "#0"
        },
        "west": {
          "uv": [
            12,
            13,
            13.25,
            13.5
          ],
          "texture": "#0"
        },
        "up": {
          "uv": [
            12,
            13,
            13.25,
            13.5
          ],
          "texture": "#0"
        },
        "down": {
          "uv": [
            12,
            13,
            13.25,
            13.5
          ],
          "texture": "#0"
        }
      }
    },
    {
      "from": [
        4.4375,
        8.8125,
        4
      ],
      "to": [
        4.6875,
        10.0625,
        4.5
      ],
      "rotation": {
        "angle": 0,
        "axis": "z",
        "origin": [
          3.6875,
          8.3125,
          3.75
        ]
      },
      "faces": {
        "north": {
          "uv": [
            1.75,
            6.25,
            3.5,
            8
          ],
          "texture": "#0"
        },
        "east": {
          "uv": [
            1.75,
            6.25,
            3.5,
            8
          ],
          "texture": "#0"
        },
        "south": {
          "uv": [
            1.75,
            6.25,
            3.5,
            8
          ],
          "texture": "#0"
        },
        "west": {
          "uv": [
            1.75,
            6.25,
            3.5,
            8
          ],
          "texture": "#0"
        },
        "up": {
          "uv": [
            1.75,
            6.25,
            3.5,
            8
          ],
          "texture": "#0"
        },
        "down": {
          "uv": [
            1.75,
            6.25,
            3.5,
            8
          ],
          "texture": "#0"
        }
      }
    },
    {
      "from": [
        1.4375,
        7.5625,
        3.75
      ],
      "to": [
        3.1875,
        11.5625,
        4.75
      ],
      "rotation": {
        "angle": -22.5,
        "axis": "z",
        "origin": [
          2.1875,
          8.5625,
          3.75
        ]
      },
      "faces": {
        "north": {
          "uv": [
            8.75,
            14.25,
            13.75,
            16
          ],
          "texture": "#0"
        },
        "east": {
          "uv": [
            8.75,
            14.25,
            13.75,
            16
          ],
          "texture": "#0"
        },
        "south": {
          "uv": [
            8.75,
            14.25,
            13.75,
            16
          ],
          "texture": "#0"
        },
        "west": {
          "uv": [
            8.75,
            14.25,
            13.75,
            16
          ],
          "texture": "#0"
        },
        "up": {
          "uv": [
            8.75,
            14.25,
            13.75,
            16
          ],
          "texture": "#0"
        },
        "down": {
          "uv": [
            8.75,
            14.25,
            13.75,
            16
          ],
          "texture": "#0"
        }
      }
    },
    {
      "name": "barrwel",
      "from": [
        7.25,
        9.875,
        1.375
      ],
      "to": [
        8,
        10.625,
        1.625
      ],
      "rotation": {
        "angle": -22.5,
        "axis": "x",
        "origin": [
          7.875,
          10.25,
          2.375
        ]
      },
      "faces": {
        "north": {
          "uv": [
            6.25,
            6.25,
            7.75,
            7.75
          ],
          "texture": "#0"
        },
        "east": {
          "uv": [
            6.25,
            6.25,
            7.75,
            7.75
          ],
          "texture": "#0",
          "rotation": 90
        },
        "south": {
          "uv": [
            6.25,
            6.25,
            7.75,
            7.75
          ],
          "texture": "#0",
          "rotation": 180
        },
        "west": {
          "uv": [
            6.25,
            6.25,
            7.75,
            7.75
          ],
          "texture": "#0",
          "rotation": 270
        },
        "up": {
          "uv": [
            6.25,
            6.25,
            7.75,
            7.75
          ],
          "texture": "#0"
        },
        "down": {
          "uv": [
            6.25,
            6.25,
            7.75,
            7.75
          ],
          "texture": "#0",
          "rotation": 180
        }
      }
    },
    {
      "name": "barrwel",
      "from": [
        7.25,
        9.875,
        1.625
      ],
      "to": [
        8,
        10.625,
        3.125
      ],
      "rotation": {
        "angle": -22.5,
        "axis": "x",
        "origin": [
          7.875,
          10.25,
          2.375
        ]
      },
      "faces": {
        "north": {
          "uv": [
            2.75,
            11,
            4.25,
            13.25
          ],
          "texture": "#0"
        },
        "east": {
          "uv": [
            2.75,
            11,
            4.25,
            13.25
          ],
          "texture": "#0",
          "rotation": 90
        },
        "south": {
          "uv": [
            2.75,
            11,
            4.25,
            13.25
          ],
          "texture": "#0",
          "rotation": 180
        },
        "west": {
          "uv": [
            2.75,
            11,
            4.25,
            13.25
          ],
          "texture": "#0",
          "rotation": 270
        },
        "up": {
          "uv": [
            2.75,
            11,
            4.25,
            13.25
          ],
          "texture": "#0"
        },
        "down": {
          "uv": [
            2.75,
            11,
            4.25,
            13.25
          ],
          "texture": "#0",
          "rotation": 180
        }
      }
    },
    {
      "name": "barrwel",
      "from": [
        9.25,
        8.75,
        4
      ],
      "to": [
        10,
        9,
        4.75
      ],
      "rotation": {
        "angle": 22.5,
        "axis": "z",
        "origin": [
          9.875,
          9.75,
          4.375
        ]
      },
      "faces": {
        "north": {
          "uv": [
            6.25,
            5.5,
            7.75,
            7.75
          ],
          "texture": "#0"
        },
        "east": {
          "uv": [
            6.25,
            5.5,
            7.75,
            7.75
          ],
          "texture": "#0",
          "rotation": 180
        },
        "south": {
          "uv": [
            6.25,
            5.5,
            7.75,
            7.75
          ],
          "texture": "#0",
          "rotation": 180
        },
        "west": {
          "uv": [
            6.25,
            5.5,
            7.75,
            7.75
          ],
          "texture": "#0",
          "rotation": 180
        },
        "up": {
          "uv": [
            6.25,
            5.5,
            7.75,
            7.75
          ],
          "texture": "#0",
          "rotation": 180
        },
        "down": {
          "uv": [
            6.25,
            5.5,
            7.75,
            7.75
          ],
          "texture": "#0",
          "rotation": 180
        }
      }
    },
    {
      "name": "barrwel",
      "from": [
        9.25,
        9,
        4
      ],
      "to": [
        10,
        10.5,
        4.75
      ],
      "rotation": {
        "angle": 22.5,
        "axis": "z",
        "origin": [
          9.875,
          9.75,
          4.375
        ]
      },
      "faces": {
        "north": {
          "uv": [
            2.75,
            11,
            4.25,
            13.25
          ],
          "texture": "#0",
          "rotation": 180
        },
        "east": {
          "uv": [
            2.75,
            11,
            4.25,
            13.25
          ],
          "texture": "#0",
          "rotation": 180
        },
        "south": {
          "uv": [
            2.75,
            11,
            4.25,
            13.25
          ],
          "texture": "#0",
          "rotation": 180
        },
        "west": {
          "uv": [
            2.75,
            11,
            4.25,
            13.25
          ],
          "texture": "#0",
          "rotation": 180
        },
        "up": {
          "uv": [
            2.75,
            11,
            4.25,
            13.25
          ],
          "texture": "#0",
          "rotation": 180
        },
        "down": {
          "uv": [
            2.75,
            11,
            4.25,
            13.25
          ],
          "texture": "#0",
          "rotation": 180
        }
      }
    },
    {
      "name": "barrwel",
      "from": [
        -1.75,
        13.25,
        3.75
      ],
      "to": [
        -0.5,
        13.5,
        5
      ],
      "rotation": {
        "angle": 45,
        "axis": "z",
        "origin": [
          -1.625,
          12,
          4.375
        ]
      },
      "faces": {
        "north": {
          "uv": [
            6.25,
            5.5,
            7.75,
            7.75
          ],
          "texture": "#0"
        },
        "east": {
          "uv": [
            6.25,
            5.5,
            7.75,
            7.75
          ],
          "texture": "#0"
        },
        "south": {
          "uv": [
            6.25,
            5.5,
            7.75,
            7.75
          ],
          "texture": "#0"
        },
        "west": {
          "uv": [
            6.25,
            5.5,
            7.75,
            7.75
          ],
          "texture": "#0"
        },
        "up": {
          "uv": [
            6.25,
            5.5,
            7.75,
            7.75
          ],
          "texture": "#0"
        },
        "down": {
          "uv": [
            6.25,
            5.5,
            7.75,
            7.75
          ],
          "texture": "#0"
        }
      }
    },
    {
      "name": "barrwel",
      "from": [
        -1.75,
        10.25,
        3.75
      ],
      "to": [
        -0.5,
        13.25,
        5
      ],
      "rotation": {
        "angle": 45,
        "axis": "z",
        "origin": [
          -1.625,
          12,
          4.375
        ]
      },
      "faces": {
        "north": {
          "uv": [
            1.75,
            10.5,
            3.25,
            14.25
          ],
          "texture": "#0"
        },
        "east": {
          "uv": [
            1.75,
            10.5,
            3.25,
            14.25
          ],
          "texture": "#0"
        },
        "south": {
          "uv": [
            1.75,
            10.5,
            3.25,
            14.25
          ],
          "texture": "#0"
        },
        "west": {
          "uv": [
            1.75,
            10.5,
            3.25,
            14.25
          ],
          "texture": "#0"
        },
        "up": {
          "uv": [
            1.75,
            10.5,
            3.25,
            14.25
          ],
          "texture": "#0"
        },
        "down": {
          "uv": [
            1.75,
            10.5,
            3.25,
            14.25
          ],
          "texture": "#0"
        }
      }
    },
    {
      "name": "barrwel",
      "from": [
        9.25,
        13.25,
        4
      ],
      "to": [
        10,
        13.5,
        4.75
      ],
      "rotation": {
        "angle": -22.5,
        "axis": "z",
        "origin": [
          9.375,
          12.5,
          4.375
        ]
      },
      "faces": {
        "north": {
          "uv": [
            6.25,
            5.5,
            7.75,
            7.75
          ],
          "texture": "#0"
        },
        "east": {
          "uv": [
            6.25,
            5.5,
            7.75,
            7.75
          ],
          "texture": "#0"
        },
        "south": {
          "uv": [
            6.25,
            5.5,
            7.75,
            7.75
          ],
          "texture": "#0"
        },
        "west": {
          "uv": [
            6.25,
            5.5,
            7.75,
            7.75
          ],
          "texture": "#0"
        },
        "up": {
          "uv": [
            6.25,
            5.5,
            7.75,
            7.75
          ],
          "texture": "#0"
        },
        "down": {
          "uv": [
            6.25,
            5.5,
            7.75,
            7.75
          ],
          "texture": "#0"
        }
      }
    },
    {
      "name": "barrwel",
      "from": [
        9.25,
        11.75,
        4
      ],
      "to": [
        10,
        13.25,
        4.75
      ],
      "rotation": {
        "angle": -22.5,
        "axis": "z",
        "origin": [
          9.375,
          12.5,
          4.375
        ]
      },
      "faces": {
        "north": {
          "uv": [
            1.75,
            11,
            3.25,
            13.25
          ],
          "texture": "#0"
        },
        "east": {
          "uv": [
            1.75,
            11,
            3.25,
            13.25
          ],
          "texture": "#0"
        },
        "south": {
          "uv": [
            1.75,
            11,
            3.25,
            13.25
          ],
          "texture": "#0"
        },
        "west": {
          "uv": [
            1.75,
            11,
            3.25,
            13.25
          ],
          "texture": "#0"
        },
        "up": {
          "uv": [
            1.75,
            11,
            3.25,
            13.25
          ],
          "texture": "#0"
        },
        "down": {
          "uv": [
            1.75,
            11,
            3.25,
            13.25
          ],
          "texture": "#0"
        }
      }
    },
    {
      "name": "barrwel",
      "from": [
        9.25,
        10.5,
        4
      ],
      "to": [
        10,
        11.5,
        4.75
      ],
      "faces": {
        "north": {
          "uv": [
            10.25,
            14,
            12,
            15.75
          ],
          "texture": "#0"
        },
        "east": {
          "uv": [
            10.25,
            14,
            12,
            15.75
          ],
          "texture": "#0"
        },
        "south": {
          "uv": [
            10.25,
            14,
            12,
            15.75
          ],
          "texture": "#0"
        },
        "west": {
          "uv": [
            10.25,
            14,
            12,
            15.75
          ],
          "texture": "#0"
        },
        "up": {
          "uv": [
            10.25,
            14,
            12,
            15.75
          ],
          "texture": "#0"
        },
        "down": {
          "uv": [
            10.25,
            14,
            12,
            15.75
          ],
          "texture": "#0"
        }
      }
    },
    {
      "name": "barrwel",
      "from": [
        -0.5,
        10.75,
        3.5
      ],
      "to": [
        3,
        12,
        5.25
      ],
      "faces": {
        "north": {
          "uv": [
            10.5,
            13,
            13.75,
            16
          ],
          "texture": "#0"
        },
        "east": {
          "uv": [
            10.5,
            13,
            13.75,
            16
          ],
          "texture": "#0"
        },
        "south": {
          "uv": [
            10.5,
            13,
            13.75,
            16
          ],
          "texture": "#0"
        },
        "west": {
          "uv": [
            10.5,
            13,
            13.75,
            16
          ],
          "texture": "#0"
        },
        "up": {
          "uv": [
            10.5,
            13,
            13.75,
            16
          ],
          "texture": "#0"
        },
        "down": {
          "uv": [
            10.5,
            13,
            13.75,
            16
          ],
          "texture": "#0"
        }
      }
    },
    {
      "name": "barrwel",
      "from": [
        6,
        10.25,
        2.75
      ],
      "to": [
        8.25,
        11.75,
        3.25
      ],
      "faces": {
        "north": {
          "uv": [
            10.75,
            14,
            12.5,
            15.75
          ],
          "texture": "#0"
        },
        "east": {
          "uv": [
            10.75,
            14,
            12.5,
            15.75
          ],
          "texture": "#0"
        },
        "south": {
          "uv": [
            10.75,
            14,
            12.5,
            15.75
          ],
          "texture": "#0"
        },
        "west": {
          "uv": [
            10.75,
            14,
            12.5,
            15.75
          ],
          "texture": "#0"
        },
        "up": {
          "uv": [
            10.75,
            14,
            12.5,
            15.75
          ],
          "texture": "#0"
        },
        "down": {
          "uv": [
            10.75,
            14,
            12.5,
            15.75
          ],
          "texture": "#0"
        }
      }
    },
    {
      "name": "barrwel",
      "from": [
        4,
        9.75,
        3.5
      ],
      "to": [
        5.75,
        11,
        5.25
      ],
      "faces": {
        "north": {
          "uv": [
            11.5,
            14,
            13.25,
            15.75
          ],
          "texture": "#0"
        },
        "east": {
          "uv": [
            11.5,
            14,
            13.25,
            15.75
          ],
          "texture": "#0"
        },
        "south": {
          "uv": [
            11.5,
            14,
            13.25,
            15.75
          ],
          "texture": "#0"
        },
        "west": {
          "uv": [
            11.5,
            14,
            13.25,
            15.75
          ],
          "texture": "#0"
        },
        "up": {
          "uv": [
            11.5,
            14,
            13.25,
            15.75
          ],
          "texture": "#0"
        },
        "down": {
          "uv": [
            11.5,
            14,
            13.25,
            15.75
          ],
          "texture": "#0"
        }
      }
    },
    {
      "name": "barrwel",
      "from": [
        4.75,
        9.25,
        3.5
      ],
      "to": [
        8.5,
        9.75,
        5.25
      ],
      "faces": {
        "north": {
          "uv": [
            1.75,
            6.25,
            3.5,
            8
          ],
          "texture": "#0"
        },
        "east": {
          "uv": [
            1.75,
            6.25,
            3.5,
            8
          ],
          "texture": "#0"
        },
        "south": {
          "uv": [
            1.75,
            6.25,
            3.5,
            8
          ],
          "texture": "#0"
        },
        "west": {
          "uv": [
            1.75,
            6.25,
            3.5,
            8
          ],
          "texture": "#0"
        },
        "up": {
          "uv": [
            1.75,
            6.25,
            3.5,
            8
          ],
          "texture": "#0"
        },
        "down": {
          "uv": [
            1.75,
            6.25,
            3.5,
            8
          ],
          "texture": "#0"
        }
      }
    },
    {
      "name": "barrwel",
      "from": [
        9.25,
        10.25,
        3.5
      ],
      "to": [
        9.5,
        11.75,
        5.25
      ],
      "faces": {
        "north": {
          "uv": [
            8.25,
            13.75,
            10,
            15.5
          ],
          "texture": "#0"
        },
        "east": {
          "uv": [
            8.25,
            13.75,
            10,
            15.5
          ],
          "texture": "#0"
        },
        "south": {
          "uv": [
            8.25,
            13.75,
            10,
            15.5
          ],
          "texture": "#0"
        },
        "west": {
          "uv": [
            8.25,
            13.75,
            10,
            15.5
          ],
          "texture": "#0"
        },
        "up": {
          "uv": [
            8.25,
            13.75,
            10,
            15.5
          ],
          "texture": "#0"
        },
        "down": {
          "uv": [
            8.25,
            13.75,
            10,
            15.5
          ],
          "texture": "#0"
        }
      }
    },
    {
      "name": "barrwel",
      "from": [
        9,
        10,
        3.25
      ],
      "to": [
        9.25,
        12,
        5.5
      ],
      "faces": {
        "north": {
          "uv": [
            12,
            13.5,
            13.75,
            15.25
          ],
          "texture": "#0"
        },
        "east": {
          "uv": [
            12,
            13.5,
            13.75,
            15.25
          ],
          "texture": "#0"
        },
        "south": {
          "uv": [
            12,
            13.5,
            13.75,
            15.25
          ],
          "texture": "#0"
        },
        "west": {
          "uv": [
            12,
            13.5,
            13.75,
            15.25
          ],
          "texture": "#0"
        },
        "up": {
          "uv": [
            12,
            13.5,
            13.75,
            15.25
          ],
          "texture": "#0"
        },
        "down": {
          "uv": [
            12,
            13.5,
            13.75,
            15.25
          ],
          "texture": "#0"
        }
      }
    },
    {
      "name": "Silverstuff",
      "from": [
        0.5,
        13.5,
        4.01
      ],
      "to": [
        3,
        14,
        4.51
      ],
      "rotation": {
        "angle": 22.5,
        "axis": "z",
        "origin": [
          4.75,
          11.625,
          4.26
        ]
      },
      "faces": {
        "north": {
          "uv": [
            5.75,
            5.5,
            8,
            8
          ],
          "texture": "#0"
        },
        "east": {
          "uv": [
            5.75,
            5.5,
            8,
            8
          ],
          "texture": "#0"
        },
        "south": {
          "uv": [
            5.75,
            5.5,
            8,
            8
          ],
          "texture": "#0"
        },
        "west": {
          "uv": [
            5.75,
            5.5,
            8,
            8
          ],
          "texture": "#0"
        },
        "up": {
          "uv": [
            5.75,
            5.5,
            8,
            8
          ],
          "texture": "#0"
        },
        "down": {
          "uv": [
            5.75,
            5.5,
            8,
            8
          ],
          "texture": "#0"
        }
      }
    },
    {
      "name": "Silverstuff",
      "from": [
        1.75,
        11.5,
        4
      ],
      "to": [
        6.25,
        12,
        4.5
      ],
      "rotation": {
        "angle": -22.5,
        "axis": "z",
        "origin": [
          4.75,
          11.625,
          4.25
        ]
      },
      "faces": {
        "north": {
          "uv": [
            5.75,
            5.5,
            8,
            8
          ],
          "texture": "#0"
        },
        "east": {
          "uv": [
            5.75,
            5.5,
            8,
            8
          ],
          "texture": "#0"
        },
        "south": {
          "uv": [
            5.75,
            5.5,
            8,
            8
          ],
          "texture": "#0"
        },
        "west": {
          "uv": [
            5.75,
            5.5,
            8,
            8
          ],
          "texture": "#0"
        },
        "up": {
          "uv": [
            5.75,
            5.5,
            8,
            8
          ],
          "texture": "#0"
        },
        "down": {
          "uv": [
            5.75,
            5.5,
            8,
            8
          ],
          "texture": "#0"
        }
      }
    },
    {
      "name": "Silverstuff",
      "from": [
        5.75,
        9.75,
        3
      ],
      "to": [
        9,
        12.25,
        5.75
      ],
      "faces": {
        "north": {
          "uv": [
            6.5,
            7.25,
            7.75,
            8.25
          ],
          "texture": "#0"
        },
        "east": {
          "uv": [
            6.5,
            7.25,
            7.75,
            8.25
          ],
          "texture": "#0"
        },
        "south": {
          "uv": [
            6.5,
            7.25,
            7.75,
            8.25
          ],
          "texture": "#0"
        },
        "west": {
          "uv": [
            6.5,
            7.25,
            7.75,
            8.25
          ],
          "texture": "#0"
        },
        "up": {
          "uv": [
            6.5,
            7.25,
            7.75,
            8.25
          ],
          "texture": "#0"
        },
        "down": {
          "uv": [
            6.5,
            7.25,
            7.75,
            8.25
          ],
          "texture": "#0"
        }
      }
    }
  ],
  "display": {
    "thirdperson_righthand": {
      "rotation": [
        -34,
        86,
        31
      ],
      "translation": [
        5.29,
        -3.4,
        -5.48
      ],
      "scale": [
        1.17,
        1.51,
        1.57
      ]
    },
    "thirdperson_lefthand": {
      "rotation": [
        28,
        -78,
        31
      ],
      "translation": [
        -8.623,
        -3.399,
        -2.697
      ],
      "scale": [
        1.17,
        1.51,
        1.57
      ]
    },
    "firstperson_righthand": {
      "rotation": [
        0,
        87,
        -4
      ],
      "translation": [
        -1.7,
        2.27,
        2.27
      ],
      "scale": [
        1.0347,
        0.9651,
        1.0347
      ]
    },
    "firstperson_lefthand": {
      "rotation": [
        0,
        -103,
        3
      ],
      "translation": [
        -7.56,
        2.27,
        1.13
      ]
    },
    "gui": {
      "rotation": [
        -20,
        -29,
        22
      ],
      "translation": [
        0.4516,
        1.13,
        0
      ],
      "scale": [
        0.7913,
        1.1273,
        0.8755
      ]
    },
    "head": {
      "rotation": [
        0,
        -1,
        45
      ],
      "translation": [
        6.43,
        -14.36,
        11.15
      ],
      "scale": [
        2,
        2,
        2
      ]
    },
    "ground": {
      "rotation": [
        18,
        -37,
        18
      ],
      "translation": [
        0.76,
        -0.57,
        4.91
      ],
      "scale": [
        1.4,
        1.4,
        1.4
      ]
    },
    "fixed": {
      "rotation": [
        0,
        -180,
        40
      ],
      "translation": [
        -2.65,
        -0.19,
        -4.72
      ],
      "scale": [
        1.23,
        1.2,
        1.13
      ]
    }
  }
}