{
  "credit": "Made with Blockbench",
  "textures": {
    "0": "qualityarmory:all/rgbsheet1",
    "1": "qualityarmory:all/texturedmaterials1",
    "particle": "qualityarmory:all/rgbsheet1"
  },
  "elements": [
    {
      "name": "back",
      "from": [
        7.5,
        4.40271,
        13.81429
      ],
      "to": [
        8.5,
        6.05271,
        19.06429
      ],
      "faces": {
        "north": {
          "uv": [
            7,
            4,
            3,
            1
          ],
          "texture": "#1"
        },
        "east": {
          "uv": [
            7,
            4,
            3,
            1
          ],
          "texture": "#1"
        },
        "south": {
          "uv": [
            7,
            4,
            3,
            1
          ],
          "texture": "#1"
        },
        "west": {
          "uv": [
            7,
            4,
            3,
            1
          ],
          "texture": "#1"
        },
        "up": {
          "uv": [
            7,
            4,
            3,
            1
          ],
          "texture": "#1"
        },
        "down": {
          "uv": [
            7,
            4,
            3,
            1
          ],
          "texture": "#1"
        }
      }
    },
    {
      "name": "pipe",
      "from": [
        7.24,
        6,
        8.75
      ],
      "to": [
        8.76,
        6.5,
        10.75
      ],
      "faces": {
        "north": {
          "uv": [
            10,
            15,
            11,
            16
          ],
          "texture": "#0"
        },
        "east": {
          "uv": [
            10,
            15,
            11,
            16
          ],
          "texture": "#0"
        },
        "south": {
          "uv": [
            10,
            15,
            11,
            16
          ],
          "texture": "#0"
        },
        "west": {
          "uv": [
            10,
            15,
            11,
            16
          ],
          "texture": "#0"
        },
        "up": {
          "uv": [
            10,
            15,
            11,
            16
          ],
          "texture": "#0"
        },
        "down": {
          "uv": [
            10,
            15,
            11,
            16
          ],
          "texture": "#0"
        }
      }
    },
    {
      "name": "pipe",
      "from": [
        7.95,
        5.5,
        9.25
      ],
      "to": [
        8.05,
        5.75,
        11.25
      ],
      "rotation": {
        "angle": 22.5,
        "axis": "x",
        "origin": [
          8,
          5.625,
          10.25
        ]
      },
      "faces": {
        "north": {
          "uv": [
            10,
            15,
            11,
            16
          ],
          "texture": "#0"
        },
        "east": {
          "uv": [
            10,
            15,
            11,
            16
          ],
          "texture": "#0"
        },
        "south": {
          "uv": [
            10,
            15,
            11,
            16
          ],
          "texture": "#0"
        },
        "west": {
          "uv": [
            10,
            15,
            11,
            16
          ],
          "texture": "#0"
        },
        "up": {
          "uv": [
            10,
            15,
            11,
            16
          ],
          "texture": "#0"
        },
        "down": {
          "uv": [
            10,
            15,
            11,
            16
          ],
          "texture": "#0"
        }
      }
    },
    {
      "name": "pipe",
      "from": [
        7.95,
        5.25,
        10.75
      ],
      "to": [
        8.05,
        5.5,
        12
      ],
      "faces": {
        "north": {
          "uv": [
            10,
            15,
            11,
            16
          ],
          "texture": "#0"
        },
        "east": {
          "uv": [
            10,
            15,
            11,
            16
          ],
          "texture": "#0"
        },
        "south": {
          "uv": [
            10,
            15,
            11,
            16
          ],
          "texture": "#0"
        },
        "west": {
          "uv": [
            10,
            15,
            11,
            16
          ],
          "texture": "#0"
        },
        "up": {
          "uv": [
            10,
            15,
            11,
            16
          ],
          "texture": "#0"
        },
        "down": {
          "uv": [
            10,
            15,
            11,
            16
          ],
          "texture": "#0"
        }
      }
    },
    {
      "name": "pipe",
      "from": [
        7.95,
        6.25,
        -2.75
      ],
      "to": [
        8.05,
        6.5,
        11
      ],
      "faces": {
        "north": {
          "uv": [
            10,
            15,
            11,
            16
          ],
          "texture": "#0"
        },
        "east": {
          "uv": [
            10,
            15,
            11,
            16
          ],
          "texture": "#0"
        },
        "south": {
          "uv": [
            10,
            15,
            11,
            16
          ],
          "texture": "#0"
        },
        "west": {
          "uv": [
            10,
            15,
            11,
            16
          ],
          "texture": "#0"
        },
        "up": {
          "uv": [
            10,
            15,
            11,
            16
          ],
          "texture": "#0"
        },
        "down": {
          "uv": [
            10,
            15,
            11,
            16
          ],
          "texture": "#0"
        }
      }
    },
    {
      "name": "pipe",
      "from": [
        7.75,
        7,
        -3
      ],
      "to": [
        8.25,
        7.25,
        10.75
      ],
      "faces": {
        "north": {
          "uv": [
            1,
            13,
            6,
            16
          ],
          "texture": "#1"
        },
        "east": {
          "uv": [
            1,
            13,
            6,
            16
          ],
          "texture": "#1"
        },
        "south": {
          "uv": [
            1,
            13,
            6,
            16
          ],
          "texture": "#1"
        },
        "west": {
          "uv": [
            1,
            13,
            6,
            16
          ],
          "texture": "#1"
        },
        "up": {
          "uv": [
            1,
            13,
            6,
            16
          ],
          "texture": "#1"
        },
        "down": {
          "uv": [
            1,
            13,
            6,
            16
          ],
          "texture": "#1"
        }
      }
    },
    {
      "name": "pipe",
      "from": [
        7.5,
        6.5,
        -3
      ],
      "to": [
        8.5,
        7,
        11
      ],
      "faces": {
        "north": {
          "uv": [
            1,
            13,
            6,
            16
          ],
          "texture": "#1"
        },
        "east": {
          "uv": [
            1,
            13,
            6,
            16
          ],
          "texture": "#1"
        },
        "south": {
          "uv": [
            1,
            13,
            6,
            16
          ],
          "texture": "#1"
        },
        "west": {
          "uv": [
            1,
            13,
            6,
            16
          ],
          "texture": "#1"
        },
        "up": {
          "uv": [
            1,
            13,
            6,
            16
          ],
          "texture": "#1"
        },
        "down": {
          "uv": [
            1,
            13,
            6,
            16
          ],
          "texture": "#1"
        }
      }
    },
    {
      "name": "woodholder",
      "from": [
        7.25,
        5.75,
        1.75
      ],
      "to": [
        8.75,
        6.75,
        11
      ],
      "faces": {
        "north": {
          "uv": [
            7,
            4,
            3,
            1
          ],
          "texture": "#1"
        },
        "east": {
          "uv": [
            7,
            4,
            3,
            1
          ],
          "texture": "#1"
        },
        "south": {
          "uv": [
            7,
            4,
            3,
            1
          ],
          "texture": "#1"
        },
        "west": {
          "uv": [
            7,
            4,
            3,
            1
          ],
          "texture": "#1"
        },
        "up": {
          "uv": [
            7,
            4,
            3,
            1
          ],
          "texture": "#1"
        },
        "down": {
          "uv": [
            7,
            4,
            3,
            1
          ],
          "texture": "#1"
        }
      }
    },
    {
      "name": "stock",
      "from": [
        7.5,
        7,
        11
      ],
      "to": [
        8.5,
        8,
        15
      ],
      "rotation": {
        "angle": 22.5,
        "axis": "x",
        "origin": [
          8,
          8,
          8
        ]
      },
      "faces": {
        "north": {
          "uv": [
            7,
            4,
            3,
            1
          ],
          "texture": "#1"
        },
        "east": {
          "uv": [
            7,
            4,
            3,
            1
          ],
          "texture": "#1"
        },
        "south": {
          "uv": [
            7,
            4,
            3,
            1
          ],
          "texture": "#1"
        },
        "west": {
          "uv": [
            7,
            4,
            3,
            1
          ],
          "texture": "#1"
        },
        "up": {
          "uv": [
            7,
            4,
            3,
            1
          ],
          "texture": "#1"
        },
        "down": {
          "uv": [
            7,
            4,
            3,
            1
          ],
          "texture": "#1"
        }
      }
    },
    {
      "name": "lever",
      "from": [
        8.44,
        7.35,
        9.74
      ],
      "to": [
        8.82,
        7.57,
        10.09
      ],
      "faces": {
        "north": {
          "uv": [
            2.75,
            10,
            3.75,
            11
          ],
          "rotation": 270,
          "texture": "#0"
        },
        "east": {
          "uv": [
            2.75,
            10,
            3.75,
            11
          ],
          "rotation": 270,
          "texture": "#0"
        },
        "south": {
          "uv": [
            2.75,
            10,
            3.75,
            11
          ],
          "rotation": 270,
          "texture": "#0"
        },
        "west": {
          "uv": [
            2.75,
            10,
            3.75,
            11
          ],
          "rotation": 270,
          "texture": "#0"
        },
        "up": {
          "uv": [
            2.75,
            10,
            3.75,
            11
          ],
          "rotation": 270,
          "texture": "#0"
        },
        "down": {
          "uv": [
            2.75,
            10,
            3.75,
            11
          ],
          "rotation": 270,
          "texture": "#0"
        }
      }
    },
    {
      "name": "lever",
      "from": [
        8.45,
        6.6,
        9.75
      ],
      "to": [
        8.8,
        7.55,
        9.85
      ],
      "faces": {
        "north": {
          "uv": [
            10,
            9,
            11,
            10
          ],
          "rotation": 270,
          "texture": "#0"
        },
        "east": {
          "uv": [
            10,
            9,
            11,
            10
          ],
          "rotation": 270,
          "texture": "#0"
        },
        "south": {
          "uv": [
            10,
            9,
            11,
            10
          ],
          "rotation": 270,
          "texture": "#0"
        },
        "west": {
          "uv": [
            10,
            9,
            11,
            10
          ],
          "rotation": 270,
          "texture": "#0"
        },
        "up": {
          "uv": [
            10,
            9,
            11,
            10
          ],
          "rotation": 270,
          "texture": "#0"
        },
        "down": {
          "uv": [
            10,
            9,
            11,
            10
          ],
          "rotation": 270,
          "texture": "#0"
        }
      }
    },
    {
      "name": "lever",
      "from": [
        8.45,
        6.6,
        8.75
      ],
      "to": [
        8.8,
        7.55,
        8.85
      ],
      "faces": {
        "north": {
          "uv": [
            3,
            10,
            4,
            11
          ],
          "rotation": 270,
          "texture": "#0"
        },
        "east": {
          "uv": [
            3,
            10,
            4,
            11
          ],
          "rotation": 270,
          "texture": "#0"
        },
        "south": {
          "uv": [
            3,
            10,
            4,
            11
          ],
          "rotation": 270,
          "texture": "#0"
        },
        "west": {
          "uv": [
            3,
            10,
            4,
            11
          ],
          "rotation": 270,
          "texture": "#0"
        },
        "up": {
          "uv": [
            3,
            10,
            4,
            11
          ],
          "rotation": 270,
          "texture": "#0"
        },
        "down": {
          "uv": [
            3,
            10,
            4,
            11
          ],
          "rotation": 270,
          "texture": "#0"
        }
      }
    }
  ],
  "display": {
    "thirdperson_righthand": {
      "rotation": [
        -7,
        -2,
        -10
      ],
      "translation": [
        0,
        4,
        -2
      ]
    },
    "thirdperson_lefthand": {
      "translation": [
        -12,
        1.5,
        -1
      ]
    },
    "firstperson_righthand": {
      "rotation": [
        0,
        -2,
        0
      ],
      "translation": [
        0,
        5,
        0
      ],
      "scale": [
        1.6,
        1.6,
        1.6
      ]
    },
    "firstperson_lefthand": {
      "translation": [
        -9,
        8,
        5
      ],
      "scale": [
        3,
        3,
        0.7
      ]
    },
    "ground": {
      "rotation": [
        0,
        0,
        -23
      ],
      "translation": [
        3.59,
        -0.94,
        6.05
      ]
    },
    "gui": {
      "rotation": [
        42,
        -40,
        15
      ],
      "translation": [
        0,
        2,
        0
      ]
    },
    "fixed": {
      "rotation": [
        -97,
        132,
        99
      ],
      "translation": [
        0.5,
        3.25,
        -0.75
      ]
    }
  }
}