{
  "credit": "Made with Blockbench, a free, modern block model editor by JannisX11",
  "textures": {
    "0": "qualityarmory:all/rgbsheet1",
    "1": "qualityarmory:all/glasspanetexture",
    "particle": "qualityarmory:all/rgbsheet1"
  },
  "elements": [
    {
      "from": [
        1.75,
        11.25,
        4
      ],
      "to": [
        5.5,
        11.375,
        4.5
      ],
      "faces": {
        "north": {
          "uv": [
            12,
            14,
            13,
            15
          ],
          "texture": "#0"
        },
        "east": {
          "uv": [
            12,
            14,
            13,
            15
          ],
          "texture": "#0"
        },
        "south": {
          "uv": [
            12,
            14,
            13,
            15
          ],
          "texture": "#0"
        },
        "west": {
          "uv": [
            12,
            14,
            13,
            15
          ],
          "texture": "#0"
        },
        "up": {
          "uv": [
            12,
            14,
            13,
            15
          ],
          "texture": "#0"
        },
        "down": {
          "uv": [
            12,
            14,
            13,
            15
          ],
          "texture": "#0"
        }
      }
    },
    {
      "from": [
        -2.0625,
        9.3125,
        3.75
      ],
      "to": [
        -1.5625,
        11.3125,
        4.75
      ],
      "rotation": {
        "angle": 0,
        "axis": "z",
        "origin": [
          -2.3125,
          9.5625,
          3.75
        ]
      },
      "faces": {
        "north": {
          "uv": [
            8,
            15,
            9,
            16
          ],
          "texture": "#0"
        },
        "east": {
          "uv": [
            8,
            15,
            9,
            16
          ],
          "texture": "#0"
        },
        "south": {
          "uv": [
            8,
            15,
            9,
            16
          ],
          "texture": "#0"
        },
        "west": {
          "uv": [
            8,
            15,
            9,
            16
          ],
          "texture": "#0"
        },
        "up": {
          "uv": [
            8,
            15,
            9,
            16
          ],
          "texture": "#0"
        },
        "down": {
          "uv": [
            8,
            15,
            9,
            16
          ],
          "texture": "#0"
        }
      }
    },
    {
      "from": [
        2.4375,
        8.5625,
        4
      ],
      "to": [
        3.6875,
        8.8125,
        4.5
      ],
      "rotation": {
        "angle": 0,
        "axis": "z",
        "origin": [
          2.9375,
          8.3125,
          3.75
        ]
      },
      "faces": {
        "north": {
          "uv": [
            8,
            15,
            9,
            16
          ],
          "texture": "#0"
        },
        "east": {
          "uv": [
            8,
            15,
            9,
            16
          ],
          "texture": "#0"
        },
        "south": {
          "uv": [
            8,
            15,
            9,
            16
          ],
          "texture": "#0"
        },
        "west": {
          "uv": [
            8,
            15,
            9,
            16
          ],
          "texture": "#0"
        },
        "up": {
          "uv": [
            8,
            15,
            9,
            16
          ],
          "texture": "#0"
        },
        "down": {
          "uv": [
            8,
            15,
            9,
            16
          ],
          "texture": "#0"
        }
      }
    },
    {
      "from": [
        3.6875,
        8.8125,
        4
      ],
      "to": [
        3.9375,
        10.0625,
        4.5
      ],
      "rotation": {
        "angle": 0,
        "axis": "z",
        "origin": [
          2.9375,
          8.3125,
          3.75
        ]
      },
      "faces": {
        "north": {
          "uv": [
            8,
            15,
            9,
            16
          ],
          "texture": "#0"
        },
        "east": {
          "uv": [
            8,
            15,
            9,
            16
          ],
          "texture": "#0"
        },
        "south": {
          "uv": [
            8,
            15,
            9,
            16
          ],
          "texture": "#0"
        },
        "west": {
          "uv": [
            8,
            15,
            9,
            16
          ],
          "texture": "#0"
        },
        "up": {
          "uv": [
            8,
            15,
            9,
            16
          ],
          "texture": "#0"
        },
        "down": {
          "uv": [
            8,
            15,
            9,
            16
          ],
          "texture": "#0"
        }
      }
    },
    {
      "from": [
        0.9375,
        7.5625,
        3.75
      ],
      "to": [
        2.6875,
        10.5625,
        4.75
      ],
      "rotation": {
        "angle": -22.5,
        "axis": "z",
        "origin": [
          1.6875,
          8.5625,
          3.75
        ]
      },
      "faces": {
        "north": {
          "uv": [
            3,
            1,
            4,
            2
          ],
          "texture": "#0"
        },
        "east": {
          "uv": [
            3,
            1,
            4,
            2
          ],
          "texture": "#0"
        },
        "south": {
          "uv": [
            3,
            1,
            4,
            2
          ],
          "texture": "#0"
        },
        "west": {
          "uv": [
            3,
            1,
            4,
            2
          ],
          "texture": "#0"
        },
        "up": {
          "uv": [
            3,
            1,
            4,
            2
          ],
          "texture": "#0"
        },
        "down": {
          "uv": [
            3,
            1,
            4,
            2
          ],
          "texture": "#0"
        }
      }
    },
    {
      "from": [
        0.9375,
        9.125,
        3.748
      ],
      "to": [
        2.125,
        10.875,
        4.758
      ],
      "rotation": {
        "angle": 22.5,
        "axis": "z",
        "origin": [
          0.9375,
          10.875,
          3.75
        ]
      },
      "faces": {
        "north": {
          "uv": [
            10,
            15,
            11,
            16
          ],
          "texture": "#0"
        },
        "east": {
          "uv": [
            10,
            15,
            11,
            16
          ],
          "texture": "#0"
        },
        "south": {
          "uv": [
            10,
            15,
            11,
            16
          ],
          "texture": "#0"
        },
        "west": {
          "uv": [
            10,
            15,
            11,
            16
          ],
          "texture": "#0"
        },
        "up": {
          "uv": [
            10,
            15,
            11,
            16
          ],
          "texture": "#0"
        },
        "down": {
          "uv": [
            10,
            15,
            11,
            16
          ],
          "texture": "#0"
        }
      }
    },
    {
      "from": [
        1.75,
        9.75,
        3.749
      ],
      "to": [
        5.5,
        10.5,
        4.769
      ],
      "faces": {
        "north": {
          "uv": [
            8,
            15,
            9,
            16
          ],
          "texture": "#0"
        },
        "east": {
          "uv": [
            8,
            15,
            9,
            16
          ],
          "texture": "#0"
        },
        "south": {
          "uv": [
            8,
            15,
            9,
            16
          ],
          "texture": "#0"
        },
        "west": {
          "uv": [
            8,
            15,
            9,
            16
          ],
          "texture": "#0"
        },
        "up": {
          "uv": [
            8,
            15,
            9,
            16
          ],
          "texture": "#0"
        },
        "down": {
          "uv": [
            8,
            15,
            9,
            16
          ],
          "texture": "#0"
        }
      }
    },
    {
      "from": [
        5.75,
        11.25,
        3.999
      ],
      "to": [
        6.5,
        12.25,
        4.519
      ],
      "faces": {
        "north": {
          "uv": [
            8,
            15,
            9,
            16
          ],
          "texture": "#0"
        },
        "east": {
          "uv": [
            8,
            15,
            9,
            16
          ],
          "texture": "#0"
        },
        "south": {
          "uv": [
            8,
            15,
            9,
            16
          ],
          "texture": "#0"
        },
        "west": {
          "uv": [
            8,
            15,
            9,
            16
          ],
          "texture": "#0"
        },
        "up": {
          "uv": [
            8,
            15,
            9,
            16
          ],
          "texture": "#0"
        },
        "down": {
          "uv": [
            8,
            15,
            9,
            16
          ],
          "texture": "#0"
        }
      }
    },
    {
      "from": [
        9,
        11.25,
        3.999
      ],
      "to": [
        9.75,
        11.75,
        4.519
      ],
      "faces": {
        "north": {
          "uv": [
            8,
            15,
            9,
            16
          ],
          "texture": "#0"
        },
        "east": {
          "uv": [
            8,
            15,
            9,
            16
          ],
          "texture": "#0"
        },
        "south": {
          "uv": [
            8,
            15,
            9,
            16
          ],
          "texture": "#0"
        },
        "west": {
          "uv": [
            8,
            15,
            9,
            16
          ],
          "texture": "#0"
        },
        "up": {
          "uv": [
            8,
            15,
            9,
            16
          ],
          "texture": "#0"
        },
        "down": {
          "uv": [
            8,
            15,
            9,
            16
          ],
          "texture": "#0"
        }
      }
    },
    {
      "from": [
        4.5,
        12.25,
        4.749
      ],
      "to": [
        5.5,
        13,
        5.019
      ],
      "faces": {
        "north": {
          "uv": [
            8,
            15,
            9,
            16
          ],
          "texture": "#0"
        },
        "east": {
          "uv": [
            8,
            15,
            9,
            16
          ],
          "texture": "#0"
        },
        "south": {
          "uv": [
            8,
            15,
            9,
            16
          ],
          "texture": "#0"
        },
        "west": {
          "uv": [
            8,
            15,
            9,
            16
          ],
          "texture": "#0"
        },
        "up": {
          "uv": [
            8,
            15,
            9,
            16
          ],
          "texture": "#0"
        },
        "down": {
          "uv": [
            8,
            15,
            9,
            16
          ],
          "texture": "#0"
        }
      }
    },
    {
      "from": [
        4.5,
        12.25,
        3.499
      ],
      "to": [
        5.5,
        13,
        3.769
      ],
      "faces": {
        "north": {
          "uv": [
            8,
            15,
            9,
            16
          ],
          "texture": "#0"
        },
        "east": {
          "uv": [
            8,
            15,
            9,
            16
          ],
          "texture": "#0"
        },
        "south": {
          "uv": [
            8,
            15,
            9,
            16
          ],
          "texture": "#0"
        },
        "west": {
          "uv": [
            8,
            15,
            9,
            16
          ],
          "texture": "#0"
        },
        "up": {
          "uv": [
            8,
            15,
            9,
            16
          ],
          "texture": "#0"
        },
        "down": {
          "uv": [
            8,
            15,
            9,
            16
          ],
          "texture": "#0"
        }
      }
    },
    {
      "from": [
        4.5,
        13,
        3.749
      ],
      "to": [
        5.5,
        13.25,
        4.769
      ],
      "faces": {
        "north": {
          "uv": [
            8,
            15,
            9,
            16
          ],
          "texture": "#0"
        },
        "east": {
          "uv": [
            8,
            15,
            9,
            16
          ],
          "texture": "#0"
        },
        "south": {
          "uv": [
            8,
            15,
            9,
            16
          ],
          "texture": "#0"
        },
        "west": {
          "uv": [
            8,
            15,
            9,
            16
          ],
          "texture": "#0"
        },
        "up": {
          "uv": [
            8,
            15,
            9,
            16
          ],
          "texture": "#0"
        },
        "down": {
          "uv": [
            8,
            15,
            9,
            16
          ],
          "texture": "#0"
        }
      }
    },
    {
      "from": [
        4.5,
        12,
        3.749
      ],
      "to": [
        5.5,
        12.25,
        4.769
      ],
      "faces": {
        "north": {
          "uv": [
            8,
            15,
            9,
            16
          ],
          "texture": "#0"
        },
        "east": {
          "uv": [
            8,
            15,
            9,
            16
          ],
          "texture": "#0"
        },
        "south": {
          "uv": [
            8,
            15,
            9,
            16
          ],
          "texture": "#0"
        },
        "west": {
          "uv": [
            8,
            15,
            9,
            16
          ],
          "texture": "#0"
        },
        "up": {
          "uv": [
            8,
            15,
            9,
            16
          ],
          "texture": "#0"
        },
        "down": {
          "uv": [
            8,
            15,
            9,
            16
          ],
          "texture": "#0"
        }
      }
    },
    {
      "from": [
        9.25,
        11.75,
        3.749
      ],
      "to": [
        10.75,
        12.25,
        4.769
      ],
      "faces": {
        "north": {
          "uv": [
            8,
            15,
            9,
            16
          ],
          "texture": "#0"
        },
        "east": {
          "uv": [
            8,
            15,
            9,
            16
          ],
          "texture": "#0"
        },
        "south": {
          "uv": [
            8,
            15,
            9,
            16
          ],
          "texture": "#0"
        },
        "west": {
          "uv": [
            8,
            15,
            9,
            16
          ],
          "texture": "#0"
        },
        "up": {
          "uv": [
            8,
            15,
            9,
            16
          ],
          "texture": "#0"
        },
        "down": {
          "uv": [
            8,
            15,
            9,
            16
          ],
          "texture": "#0"
        }
      }
    },
    {
      "from": [
        -2,
        9.5,
        3.749
      ],
      "to": [
        1.75,
        10.25,
        4.769
      ],
      "faces": {
        "north": {
          "uv": [
            8,
            15,
            9,
            16
          ],
          "texture": "#0"
        },
        "east": {
          "uv": [
            8,
            15,
            9,
            16
          ],
          "texture": "#0"
        },
        "south": {
          "uv": [
            8,
            15,
            9,
            16
          ],
          "texture": "#0"
        },
        "west": {
          "uv": [
            8,
            15,
            9,
            16
          ],
          "texture": "#0"
        },
        "up": {
          "uv": [
            8,
            15,
            9,
            16
          ],
          "texture": "#0"
        },
        "down": {
          "uv": [
            8,
            15,
            9,
            16
          ],
          "texture": "#0"
        }
      }
    },
    {
      "from": [
        1.75,
        10.5,
        3.749
      ],
      "to": [
        5.5,
        11.25,
        4.769
      ],
      "faces": {
        "north": {
          "uv": [
            8,
            15,
            9,
            16
          ],
          "texture": "#0"
        },
        "east": {
          "uv": [
            8,
            15,
            9,
            16
          ],
          "texture": "#0"
        },
        "south": {
          "uv": [
            8,
            15,
            9,
            16
          ],
          "texture": "#0"
        },
        "west": {
          "uv": [
            8,
            15,
            9,
            16
          ],
          "texture": "#0"
        },
        "up": {
          "uv": [
            8,
            15,
            9,
            16
          ],
          "texture": "#0"
        },
        "down": {
          "uv": [
            8,
            15,
            9,
            16
          ],
          "texture": "#0"
        }
      }
    },
    {
      "name": "Silverstuff",
      "from": [
        12.25,
        10.25,
        4
      ],
      "to": [
        14.5,
        10.5,
        4.5
      ],
      "faces": {
        "north": {
          "uv": [
            11,
            14,
            12,
            15
          ],
          "texture": "#0"
        },
        "east": {
          "uv": [
            11,
            14,
            12,
            15
          ],
          "texture": "#0"
        },
        "south": {
          "uv": [
            11,
            14,
            12,
            15
          ],
          "texture": "#0"
        },
        "west": {
          "uv": [
            11,
            14,
            12,
            15
          ],
          "texture": "#0"
        },
        "up": {
          "uv": [
            11,
            14,
            12,
            15
          ],
          "texture": "#0"
        },
        "down": {
          "uv": [
            11,
            14,
            12,
            15
          ],
          "texture": "#0"
        }
      }
    },
    {
      "name": "Silverstuff",
      "from": [
        9.75,
        9.75,
        3.75
      ],
      "to": [
        10.25,
        11.25,
        4.75
      ],
      "faces": {
        "north": {
          "uv": [
            4,
            2,
            5,
            3
          ],
          "texture": "#0"
        },
        "east": {
          "uv": [
            4,
            2,
            5,
            3
          ],
          "texture": "#0"
        },
        "south": {
          "uv": [
            4,
            2,
            5,
            3
          ],
          "texture": "#0"
        },
        "west": {
          "uv": [
            4,
            2,
            5,
            3
          ],
          "texture": "#0"
        },
        "up": {
          "uv": [
            4,
            2,
            5,
            3
          ],
          "texture": "#0"
        },
        "down": {
          "uv": [
            4,
            2,
            5,
            3
          ],
          "texture": "#0"
        }
      }
    },
    {
      "name": "Silverstuff",
      "from": [
        10.25,
        10.5,
        4
      ],
      "to": [
        12.25,
        11,
        4.5
      ],
      "faces": {
        "north": {
          "uv": [
            8,
            15,
            9,
            16
          ],
          "texture": "#0"
        },
        "east": {
          "uv": [
            8,
            15,
            9,
            16
          ],
          "texture": "#0"
        },
        "south": {
          "uv": [
            8,
            15,
            9,
            16
          ],
          "texture": "#0"
        },
        "west": {
          "uv": [
            8,
            15,
            9,
            16
          ],
          "texture": "#0"
        },
        "up": {
          "uv": [
            8,
            15,
            9,
            16
          ],
          "texture": "#0"
        },
        "down": {
          "uv": [
            8,
            15,
            9,
            16
          ],
          "texture": "#0"
        }
      }
    },
    {
      "name": "Silverstuff",
      "from": [
        12.25,
        10.5,
        4
      ],
      "to": [
        14.25,
        11,
        4.5
      ],
      "faces": {
        "north": {
          "uv": [
            7,
            15,
            8,
            16
          ],
          "texture": "#0"
        },
        "east": {
          "uv": [
            7,
            15,
            8,
            16
          ],
          "texture": "#0"
        },
        "south": {
          "uv": [
            7,
            15,
            8,
            16
          ],
          "texture": "#0"
        },
        "west": {
          "uv": [
            7,
            15,
            8,
            16
          ],
          "texture": "#0"
        },
        "up": {
          "uv": [
            7,
            15,
            8,
            16
          ],
          "texture": "#0"
        },
        "down": {
          "uv": [
            7,
            15,
            8,
            16
          ],
          "texture": "#0"
        }
      }
    },
    {
      "name": "Silverstuff",
      "from": [
        12.25,
        11,
        4
      ],
      "to": [
        14.5,
        11.25,
        4.5
      ],
      "faces": {
        "north": {
          "uv": [
            11,
            14,
            12,
            15
          ],
          "texture": "#0"
        },
        "east": {
          "uv": [
            11,
            14,
            12,
            15
          ],
          "texture": "#0"
        },
        "south": {
          "uv": [
            11,
            14,
            12,
            15
          ],
          "texture": "#0"
        },
        "west": {
          "uv": [
            11,
            14,
            12,
            15
          ],
          "texture": "#0"
        },
        "up": {
          "uv": [
            11,
            14,
            12,
            15
          ],
          "texture": "#0"
        },
        "down": {
          "uv": [
            11,
            14,
            12,
            15
          ],
          "texture": "#0"
        }
      }
    },
    {
      "name": "Silverstuff",
      "from": [
        12.25,
        10.5,
        4.5
      ],
      "to": [
        14.5,
        11,
        4.75
      ],
      "faces": {
        "north": {
          "uv": [
            11,
            14,
            12,
            15
          ],
          "texture": "#0"
        },
        "east": {
          "uv": [
            11,
            14,
            12,
            15
          ],
          "texture": "#0"
        },
        "south": {
          "uv": [
            11,
            14,
            12,
            15
          ],
          "texture": "#0"
        },
        "west": {
          "uv": [
            11,
            14,
            12,
            15
          ],
          "texture": "#0"
        },
        "up": {
          "uv": [
            11,
            14,
            12,
            15
          ],
          "texture": "#0"
        },
        "down": {
          "uv": [
            11,
            14,
            12,
            15
          ],
          "texture": "#0"
        }
      }
    },
    {
      "name": "Silverstuff",
      "from": [
        12.25,
        10.5,
        3.75
      ],
      "to": [
        14.5,
        11,
        4
      ],
      "faces": {
        "north": {
          "uv": [
            11,
            14,
            12,
            15
          ],
          "texture": "#0"
        },
        "east": {
          "uv": [
            11,
            14,
            12,
            15
          ],
          "texture": "#0"
        },
        "south": {
          "uv": [
            11,
            14,
            12,
            15
          ],
          "texture": "#0"
        },
        "west": {
          "uv": [
            11,
            14,
            12,
            15
          ],
          "texture": "#0"
        },
        "up": {
          "uv": [
            11,
            14,
            12,
            15
          ],
          "texture": "#0"
        },
        "down": {
          "uv": [
            11,
            14,
            12,
            15
          ],
          "texture": "#0"
        }
      }
    },
    {
      "name": "Silverstuff",
      "from": [
        5.5,
        11.25,
        4
      ],
      "to": [
        9.75,
        11.35,
        4.5
      ],
      "faces": {
        "north": {
          "uv": [
            8,
            15,
            9,
            16
          ],
          "texture": "#0"
        },
        "east": {
          "uv": [
            8,
            15,
            9,
            16
          ],
          "texture": "#0"
        },
        "south": {
          "uv": [
            8,
            15,
            9,
            16
          ],
          "texture": "#0"
        },
        "west": {
          "uv": [
            8,
            15,
            9,
            16
          ],
          "texture": "#0"
        },
        "up": {
          "uv": [
            8,
            15,
            9,
            16
          ],
          "texture": "#0"
        },
        "down": {
          "uv": [
            8,
            15,
            9,
            16
          ],
          "texture": "#0"
        }
      }
    },
    {
      "name": "Silverstuff",
      "from": [
        5.5,
        11,
        3.75
      ],
      "to": [
        7.5,
        11.25,
        4.75
      ],
      "faces": {
        "north": {
          "uv": [
            5,
            0,
            6,
            1
          ],
          "texture": "#0"
        },
        "east": {
          "uv": [
            5,
            0,
            6,
            1
          ],
          "texture": "#0"
        },
        "south": {
          "uv": [
            5,
            0,
            6,
            1
          ],
          "texture": "#0"
        },
        "west": {
          "uv": [
            5,
            0,
            6,
            1
          ],
          "texture": "#0"
        },
        "up": {
          "uv": [
            5,
            0,
            6,
            1
          ],
          "texture": "#0"
        },
        "down": {
          "uv": [
            5,
            0,
            6,
            1
          ],
          "texture": "#0"
        }
      }
    },
    {
      "name": "Silverstuff",
      "from": [
        5.5,
        9.75,
        3.75
      ],
      "to": [
        7.5,
        11,
        4.75
      ],
      "faces": {
        "north": {
          "uv": [
            3,
            0,
            4,
            1
          ],
          "texture": "#0"
        },
        "east": {
          "uv": [
            3,
            0,
            4,
            1
          ],
          "texture": "#0"
        },
        "south": {
          "uv": [
            3,
            0,
            4,
            1
          ],
          "texture": "#0"
        },
        "west": {
          "uv": [
            3,
            0,
            4,
            1
          ],
          "texture": "#0"
        },
        "up": {
          "uv": [
            3,
            0,
            4,
            1
          ],
          "texture": "#0"
        },
        "down": {
          "uv": [
            3,
            0,
            4,
            1
          ],
          "texture": "#0"
        }
      }
    },
    {
      "from": [
        4.75,
        12.25,
        3.999
      ],
      "to": [
        7.25,
        12.4,
        4.519
      ],
      "faces": {
        "north": {
          "uv": [
            8,
            15,
            9,
            16
          ],
          "texture": "#0"
        },
        "east": {
          "uv": [
            8,
            15,
            9,
            16
          ],
          "texture": "#0"
        },
        "south": {
          "uv": [
            8,
            15,
            9,
            16
          ],
          "texture": "#0"
        },
        "west": {
          "uv": [
            8,
            15,
            9,
            16
          ],
          "texture": "#0"
        },
        "up": {
          "uv": [
            8,
            15,
            9,
            16
          ],
          "texture": "#0"
        },
        "down": {
          "uv": [
            8,
            15,
            9,
            16
          ],
          "texture": "#0"
        }
      }
    },
    {
      "from": [
        4.75,
        12.25,
        3.749
      ],
      "to": [
        7.25,
        13,
        4.019
      ],
      "faces": {
        "north": {
          "uv": [
            8,
            15,
            9,
            16
          ],
          "texture": "#0"
        },
        "east": {
          "uv": [
            8,
            15,
            9,
            16
          ],
          "texture": "#0"
        },
        "south": {
          "uv": [
            8,
            15,
            9,
            16
          ],
          "texture": "#0"
        },
        "west": {
          "uv": [
            8,
            15,
            9,
            16
          ],
          "texture": "#0"
        },
        "up": {
          "uv": [
            8,
            15,
            9,
            16
          ],
          "texture": "#0"
        },
        "down": {
          "uv": [
            8,
            15,
            9,
            16
          ],
          "texture": "#0"
        }
      }
    },
    {
      "from": [
        7,
        12.4,
        3.999
      ],
      "to": [
        7.25,
        12.9,
        4.519
      ],
      "faces": {
        "north": {
          "uv": [
            1,
            5,
            11,
            15
          ],
          "texture": "#1"
        },
        "east": {
          "uv": [
            1,
            5,
            11,
            15
          ],
          "texture": "#1"
        },
        "south": {
          "uv": [
            1,
            5,
            11,
            15
          ],
          "texture": "#1"
        },
        "west": {
          "uv": [
            1,
            5,
            11,
            15
          ],
          "texture": "#1"
        },
        "up": {
          "uv": [
            1,
            5,
            11,
            15
          ],
          "texture": "#1"
        },
        "down": {
          "uv": [
            1,
            5,
            11,
            15
          ],
          "texture": "#1"
        }
      }
    },
    {
      "from": [
        4.75,
        12.85,
        3.999
      ],
      "to": [
        7.25,
        13.05,
        4.519
      ],
      "faces": {
        "north": {
          "uv": [
            8,
            15,
            9,
            16
          ],
          "texture": "#0"
        },
        "east": {
          "uv": [
            8,
            15,
            9,
            16
          ],
          "texture": "#0"
        },
        "south": {
          "uv": [
            8,
            15,
            9,
            16
          ],
          "texture": "#0"
        },
        "west": {
          "uv": [
            8,
            15,
            9,
            16
          ],
          "texture": "#0"
        },
        "up": {
          "uv": [
            8,
            15,
            9,
            16
          ],
          "texture": "#0"
        },
        "down": {
          "uv": [
            8,
            15,
            9,
            16
          ],
          "texture": "#0"
        }
      }
    },
    {
      "from": [
        4.75,
        12.25,
        4.499
      ],
      "to": [
        7.25,
        13,
        4.769
      ],
      "faces": {
        "north": {
          "uv": [
            8,
            15,
            9,
            16
          ],
          "texture": "#0"
        },
        "east": {
          "uv": [
            8,
            15,
            9,
            16
          ],
          "texture": "#0"
        },
        "south": {
          "uv": [
            8,
            15,
            9,
            16
          ],
          "texture": "#0"
        },
        "west": {
          "uv": [
            8,
            15,
            9,
            16
          ],
          "texture": "#0"
        },
        "up": {
          "uv": [
            8,
            15,
            9,
            16
          ],
          "texture": "#0"
        },
        "down": {
          "uv": [
            8,
            15,
            9,
            16
          ],
          "texture": "#0"
        }
      }
    },
    {
      "name": "Silverstuff",
      "from": [
        9.25,
        10.5,
        3.75
      ],
      "to": [
        9.75,
        11.25,
        4.75
      ],
      "faces": {
        "north": {
          "uv": [
            2,
            2,
            3,
            3
          ],
          "texture": "#0"
        },
        "east": {
          "uv": [
            2,
            2,
            3,
            3
          ],
          "texture": "#0"
        },
        "south": {
          "uv": [
            2,
            2,
            3,
            3
          ],
          "texture": "#0"
        },
        "west": {
          "uv": [
            2,
            2,
            3,
            3
          ],
          "texture": "#0"
        },
        "up": {
          "uv": [
            2,
            2,
            3,
            3
          ],
          "texture": "#0"
        },
        "down": {
          "uv": [
            2,
            2,
            3,
            3
          ],
          "texture": "#0"
        }
      }
    },
    {
      "name": "Silverstuff",
      "from": [
        9.25,
        9.75,
        3.75
      ],
      "to": [
        9.75,
        10.5,
        4.75
      ],
      "faces": {
        "north": {
          "uv": [
            2,
            3,
            3,
            4
          ],
          "texture": "#0"
        },
        "east": {
          "uv": [
            2,
            3,
            3,
            4
          ],
          "texture": "#0"
        },
        "south": {
          "uv": [
            2,
            3,
            3,
            4
          ],
          "texture": "#0"
        },
        "west": {
          "uv": [
            2,
            3,
            3,
            4
          ],
          "texture": "#0"
        },
        "up": {
          "uv": [
            2,
            3,
            3,
            4
          ],
          "texture": "#0"
        },
        "down": {
          "uv": [
            2,
            3,
            3,
            4
          ],
          "texture": "#0"
        }
      }
    },
    {
      "name": "Silverstuff",
      "from": [
        8.75,
        9.75,
        3.75
      ],
      "to": [
        9.25,
        10.5,
        4.75
      ],
      "faces": {
        "north": {
          "uv": [
            2,
            2,
            3,
            3
          ],
          "texture": "#0"
        },
        "east": {
          "uv": [
            2,
            2,
            3,
            3
          ],
          "texture": "#0"
        },
        "south": {
          "uv": [
            2,
            2,
            3,
            3
          ],
          "texture": "#0"
        },
        "west": {
          "uv": [
            2,
            2,
            3,
            3
          ],
          "texture": "#0"
        },
        "up": {
          "uv": [
            2,
            2,
            3,
            3
          ],
          "texture": "#0"
        },
        "down": {
          "uv": [
            2,
            2,
            3,
            3
          ],
          "texture": "#0"
        }
      }
    },
    {
      "name": "Silverstuff",
      "from": [
        8.75,
        10.5,
        3.75
      ],
      "to": [
        9.25,
        11.25,
        4.75
      ],
      "faces": {
        "north": {
          "uv": [
            2,
            3,
            3,
            4
          ],
          "texture": "#0"
        },
        "east": {
          "uv": [
            2,
            3,
            3,
            4
          ],
          "texture": "#0"
        },
        "south": {
          "uv": [
            2,
            3,
            3,
            4
          ],
          "texture": "#0"
        },
        "west": {
          "uv": [
            2,
            3,
            3,
            4
          ],
          "texture": "#0"
        },
        "up": {
          "uv": [
            2,
            3,
            3,
            4
          ],
          "texture": "#0"
        },
        "down": {
          "uv": [
            2,
            3,
            3,
            4
          ],
          "texture": "#0"
        }
      }
    },
    {
      "name": "Silverstuff",
      "from": [
        7.75,
        10.5,
        3.75
      ],
      "to": [
        8.25,
        11.25,
        4.75
      ],
      "faces": {
        "north": {
          "uv": [
            2,
            3,
            3,
            4
          ],
          "texture": "#0"
        },
        "east": {
          "uv": [
            2,
            3,
            3,
            4
          ],
          "texture": "#0"
        },
        "south": {
          "uv": [
            2,
            3,
            3,
            4
          ],
          "texture": "#0"
        },
        "west": {
          "uv": [
            2,
            3,
            3,
            4
          ],
          "texture": "#0"
        },
        "up": {
          "uv": [
            2,
            3,
            3,
            4
          ],
          "texture": "#0"
        },
        "down": {
          "uv": [
            2,
            3,
            3,
            4
          ],
          "texture": "#0"
        }
      }
    },
    {
      "name": "Silverstuff",
      "from": [
        8.25,
        10.5,
        3.75
      ],
      "to": [
        8.75,
        11.25,
        4.75
      ],
      "faces": {
        "north": {
          "uv": [
            2,
            2,
            3,
            3
          ],
          "texture": "#0"
        },
        "east": {
          "uv": [
            2,
            2,
            3,
            3
          ],
          "texture": "#0"
        },
        "south": {
          "uv": [
            2,
            2,
            3,
            3
          ],
          "texture": "#0"
        },
        "west": {
          "uv": [
            2,
            2,
            3,
            3
          ],
          "texture": "#0"
        },
        "up": {
          "uv": [
            2,
            2,
            3,
            3
          ],
          "texture": "#0"
        },
        "down": {
          "uv": [
            2,
            2,
            3,
            3
          ],
          "texture": "#0"
        }
      }
    },
    {
      "name": "Silverstuff",
      "from": [
        8.25,
        9.75,
        3.75
      ],
      "to": [
        8.75,
        10.5,
        4.75
      ],
      "faces": {
        "north": {
          "uv": [
            2,
            3,
            3,
            4
          ],
          "texture": "#0"
        },
        "east": {
          "uv": [
            2,
            3,
            3,
            4
          ],
          "texture": "#0"
        },
        "south": {
          "uv": [
            2,
            3,
            3,
            4
          ],
          "texture": "#0"
        },
        "west": {
          "uv": [
            2,
            3,
            3,
            4
          ],
          "texture": "#0"
        },
        "up": {
          "uv": [
            2,
            3,
            3,
            4
          ],
          "texture": "#0"
        },
        "down": {
          "uv": [
            2,
            3,
            3,
            4
          ],
          "texture": "#0"
        }
      }
    },
    {
      "name": "Silverstuff",
      "from": [
        7.75,
        9.75,
        3.75
      ],
      "to": [
        8.25,
        10.5,
        4.75
      ],
      "faces": {
        "north": {
          "uv": [
            2,
            2,
            3,
            3
          ],
          "texture": "#0"
        },
        "east": {
          "uv": [
            2,
            2,
            3,
            3
          ],
          "texture": "#0"
        },
        "south": {
          "uv": [
            2,
            2,
            3,
            3
          ],
          "texture": "#0"
        },
        "west": {
          "uv": [
            2,
            2,
            3,
            3
          ],
          "texture": "#0"
        },
        "up": {
          "uv": [
            2,
            2,
            3,
            3
          ],
          "texture": "#0"
        },
        "down": {
          "uv": [
            2,
            2,
            3,
            3
          ],
          "texture": "#0"
        }
      }
    },
    {
      "name": "Silverstuff",
      "from": [
        7.5,
        10.5,
        3.75
      ],
      "to": [
        7.75,
        11.25,
        4.75
      ],
      "faces": {
        "north": {
          "uv": [
            2,
            2,
            3,
            3
          ],
          "texture": "#0"
        },
        "east": {
          "uv": [
            2,
            2,
            3,
            3
          ],
          "texture": "#0"
        },
        "south": {
          "uv": [
            2,
            2,
            3,
            3
          ],
          "texture": "#0"
        },
        "west": {
          "uv": [
            2,
            2,
            3,
            3
          ],
          "texture": "#0"
        },
        "up": {
          "uv": [
            2,
            2,
            3,
            3
          ],
          "texture": "#0"
        },
        "down": {
          "uv": [
            2,
            2,
            3,
            3
          ],
          "texture": "#0"
        }
      }
    },
    {
      "name": "Silverstuff",
      "from": [
        7.5,
        9.75,
        3.75
      ],
      "to": [
        7.75,
        10.5,
        4.75
      ],
      "faces": {
        "north": {
          "uv": [
            2,
            3,
            3,
            4
          ],
          "texture": "#0"
        },
        "east": {
          "uv": [
            2,
            3,
            3,
            4
          ],
          "texture": "#0"
        },
        "south": {
          "uv": [
            2,
            3,
            3,
            4
          ],
          "texture": "#0"
        },
        "west": {
          "uv": [
            2,
            3,
            3,
            4
          ],
          "texture": "#0"
        },
        "up": {
          "uv": [
            2,
            3,
            3,
            4
          ],
          "texture": "#0"
        },
        "down": {
          "uv": [
            2,
            3,
            3,
            4
          ],
          "texture": "#0"
        }
      }
    },
    {
      "name": "Silverstuff",
      "from": [
        5.5,
        5.74,
        3.758
      ],
      "to": [
        7.5,
        10.49,
        4.51
      ],
      "rotation": {
        "angle": 22.5,
        "axis": "z",
        "origin": [
          6.5,
          8.625,
          4.125
        ]
      },
      "faces": {
        "north": {
          "uv": [
            6,
            15,
            7,
            16
          ],
          "texture": "#0"
        },
        "east": {
          "uv": [
            6,
            15,
            7,
            16
          ],
          "texture": "#0"
        },
        "south": {
          "uv": [
            6,
            15,
            7,
            16
          ],
          "texture": "#0"
        },
        "west": {
          "uv": [
            6,
            15,
            7,
            16
          ],
          "texture": "#0"
        },
        "up": {
          "uv": [
            6,
            15,
            7,
            16
          ],
          "texture": "#0"
        },
        "down": {
          "uv": [
            6,
            15,
            7,
            16
          ],
          "texture": "#0"
        }
      }
    },
    {
      "name": "Silverstuff",
      "from": [
        6.04,
        5.75,
        3.7
      ],
      "to": [
        6.29,
        10,
        4.6
      ],
      "rotation": {
        "angle": 22.5,
        "axis": "z",
        "origin": [
          6.5,
          8.625,
          4.125
        ]
      },
      "faces": {
        "north": {
          "uv": [
            7,
            15,
            8,
            16
          ],
          "texture": "#0"
        },
        "east": {
          "uv": [
            7,
            15,
            8,
            16
          ],
          "texture": "#0"
        },
        "south": {
          "uv": [
            7,
            15,
            8,
            16
          ],
          "texture": "#0"
        },
        "west": {
          "uv": [
            7,
            15,
            8,
            16
          ],
          "texture": "#0"
        },
        "up": {
          "uv": [
            7,
            15,
            8,
            16
          ],
          "texture": "#0"
        },
        "down": {
          "uv": [
            7,
            15,
            8,
            16
          ],
          "texture": "#0"
        }
      }
    },
    {
      "name": "Silverstuff",
      "from": [
        5.54,
        5.75,
        3.7
      ],
      "to": [
        5.79,
        10.25,
        4.6
      ],
      "rotation": {
        "angle": 22.5,
        "axis": "z",
        "origin": [
          6.5,
          8.625,
          4.125
        ]
      },
      "faces": {
        "north": {
          "uv": [
            7,
            15,
            8,
            16
          ],
          "texture": "#0"
        },
        "east": {
          "uv": [
            7,
            15,
            8,
            16
          ],
          "texture": "#0"
        },
        "south": {
          "uv": [
            7,
            15,
            8,
            16
          ],
          "texture": "#0"
        },
        "west": {
          "uv": [
            7,
            15,
            8,
            16
          ],
          "texture": "#0"
        },
        "up": {
          "uv": [
            7,
            15,
            8,
            16
          ],
          "texture": "#0"
        },
        "down": {
          "uv": [
            7,
            15,
            8,
            16
          ],
          "texture": "#0"
        }
      }
    },
    {
      "name": "Silverstuff",
      "from": [
        6.54,
        5.75,
        3.7
      ],
      "to": [
        6.79,
        9.75,
        4.6
      ],
      "rotation": {
        "angle": 22.5,
        "axis": "z",
        "origin": [
          6.5,
          8.625,
          4.125
        ]
      },
      "faces": {
        "north": {
          "uv": [
            7,
            15,
            8,
            16
          ],
          "texture": "#0"
        },
        "east": {
          "uv": [
            7,
            15,
            8,
            16
          ],
          "texture": "#0"
        },
        "south": {
          "uv": [
            7,
            15,
            8,
            16
          ],
          "texture": "#0"
        },
        "west": {
          "uv": [
            7,
            15,
            8,
            16
          ],
          "texture": "#0"
        },
        "up": {
          "uv": [
            7,
            15,
            8,
            16
          ],
          "texture": "#0"
        },
        "down": {
          "uv": [
            7,
            15,
            8,
            16
          ],
          "texture": "#0"
        }
      }
    },
    {
      "name": "Silverstuff",
      "from": [
        7.04,
        5.75,
        3.7
      ],
      "to": [
        7.29,
        9.5,
        4.6
      ],
      "rotation": {
        "angle": 22.5,
        "axis": "z",
        "origin": [
          6.5,
          8.625,
          4.125
        ]
      },
      "faces": {
        "north": {
          "uv": [
            7,
            15,
            8,
            16
          ],
          "texture": "#0"
        },
        "east": {
          "uv": [
            7,
            15,
            8,
            16
          ],
          "texture": "#0"
        },
        "south": {
          "uv": [
            7,
            15,
            8,
            16
          ],
          "texture": "#0"
        },
        "west": {
          "uv": [
            7,
            15,
            8,
            16
          ],
          "texture": "#0"
        },
        "up": {
          "uv": [
            7,
            15,
            8,
            16
          ],
          "texture": "#0"
        },
        "down": {
          "uv": [
            7,
            15,
            8,
            16
          ],
          "texture": "#0"
        }
      }
    }
  ],
  "display": {
    "thirdperson_righthand": {
      "rotation": [
        -34,
        86,
        31
      ],
      "translation": [
        5.29,
        -3.4,
        -5.48
      ],
      "scale": [
        1.17,
        1.51,
        1.57
      ]
    },
    "thirdperson_lefthand": {
      "rotation": [
        28,
        -92,
        31
      ],
      "translation": [
        -16.5,
        -2.5,
        -6
      ],
      "scale": [
        1.17,
        1.51,
        1.57
      ]
    },
    "firstperson_righthand": {
      "rotation": [
        0,
        87,
        -4
      ],
      "translation": [
        -1.7,
        2.27,
        2.27
      ],
      "scale": [
        1.0347,
        0.9651,
        1.0347
      ]
    },
    "firstperson_lefthand": {
      "rotation": [
        0,
        -90,
        3
      ],
      "translation": [
        -12.7,
        3.6,
        10.5
      ],
      "scale": [
        0.1,
        1,
        1
      ]
    },
    "gui": {
      "rotation": [
        -20,
        -29,
        22
      ],
      "translation": [
        0.4516,
        1.13,
        0
      ],
      "scale": [
        0.7913,
        1.1273,
        0.8755
      ]
    },
    "head": {
      "rotation": [
        0,
        -1,
        45
      ],
      "translation": [
        6.43,
        -14.36,
        11.15
      ],
      "scale": [
        2,
        2,
        2
      ]
    },
    "ground": {
      "rotation": [
        18,
        -37,
        18
      ],
      "translation": [
        0.76,
        -0.57,
        4.91
      ],
      "scale": [
        1.4,
        1.4,
        1.4
      ]
    },
    "fixed": {
      "rotation": [
        0,
        -180,
        40
      ],
      "translation": [
        -2.65,
        -0.19,
        -4.72
      ],
      "scale": [
        1.23,
        1.2,
        1.13
      ]
    }
  },
  "groups": [
    0,
    1,
    2,
    3,
    4,
    5,
    6,
    7,
    8,
    9,
    10,
    11,
    12,
    13,
    14,
    15,
    16,
    17,
    18,
    19,
    20,
    21,
    22,
    23,
    24,
    25,
    26,
    27,
    28,
    29,
    30,
    {
      "name": "group",
      "isOpen": true,
      "shade": true,
      "display": {
        "visibility": true,
        "autouv": true
      },
      "children": [
        31,
        32,
        33,
        34,
        35,
        36,
        37,
        38,
        39,
        40
      ]
    },
    {
      "name": "group",
      "isOpen": true,
      "shade": true,
      "display": {
        "visibility": true,
        "autouv": true
      },
      "children": [
        41,
        42,
        43,
        44,
        45
      ]
    }
  ]
}