{"textures":{"0":"modelengine:entity/bs_vm_penguin_texture","particle":"#0"},"elements":[{"from":[8.0,0.0,5.0],"to":[9.0,8.0,11.0],"faces":{"east":{"uv":[3.5,6.75,5.0,8.75],"tintindex":0,"rotation":0,"texture":"#0"},"south":{"uv":[0.75,9.0,1.0,11.0],"tintindex":0,"rotation":0,"texture":"#0"},"north":{"uv":[0.5,9.0,0.75,11.0],"tintindex":0,"rotation":0,"texture":"#0"},"west":{"uv":[5.0,6.75,6.5,8.75],"tintindex":0,"rotation":0,"texture":"#0"},"up":{"uv":[1.75,10.5,1.5,9.0],"tintindex":0,"rotation":0,"texture":"#0"},"down":{"uv":[2.0,9.0,1.75,10.5],"tintindex":0,"rotation":0,"texture":"#0"}}},{"from":[8.0,-1.0,5.0],"to":[9.0,0.0,10.0],"faces":{"east":{"uv":[9.0,7.0,10.25,7.25],"tintindex":0,"rotation":0,"texture":"#0"},"south":{"uv":[6.0,2.5,6.25,2.75],"tintindex":0,"rotation":0,"texture":"#0"},"north":{"uv":[6.0,2.25,6.25,2.5],"tintindex":0,"rotation":0,"texture":"#0"},"west":{"uv":[9.0,7.25,10.25,7.5],"tintindex":0,"rotation":0,"texture":"#0"},"up":{"uv":[9.25,8.75,9.0,7.5],"tintindex":0,"rotation":0,"texture":"#0"},"down":{"uv":[8.5,9.0,8.25,10.25],"tintindex":0,"rotation":0,"texture":"#0"}}}],"display":{"head":{"rotation":[0.0,0.0,0.0]},"firstperson_righthand":{"rotation":[0.0,0.0,0.0]},"thirdperson_lefthand":{"rotation":[0.0,-0.0,-0.0]},"firstperson_lefthand":{"rotation":[0.0,-0.0,-0.0]},"fixed":{"rotation":[0.0,0.0,0.0]},"ground":{"rotation":[0.0,0.0,0.0]},"thirdperson_righthand":{"rotation":[0.0,0.0,0.0]},"gui":{"rotation":[-150.0,-45.0,180.0]}}}