{"textures":{"0":"modelengine:entity/bs_vm_crab_texture","particle":"#0"},"elements":[{"from":[3.5,6.584776,-0.7034626],"to":[12.5,10.584776,7.296537],"faces":{"east":{"uv":[4.5,4.0,8.5,6.0],"tintindex":0,"rotation":0,"texture":"#0"},"south":{"uv":[4.5,2.0,9.0,4.0],"tintindex":0,"rotation":0,"texture":"#0"},"north":{"uv":[4.5,0.0,9.0,2.0],"tintindex":0,"rotation":0,"texture":"#0"},"west":{"uv":[4.5,6.0,8.5,8.0],"tintindex":0,"rotation":0,"texture":"#0"},"up":{"uv":[4.5,4.0,0.0,0.0],"tintindex":0,"rotation":0,"texture":"#0"},"down":{"uv":[4.5,4.0,0.0,8.0],"tintindex":0,"rotation":0,"texture":"#0"}}},{"from":[3.5,9.084776,-0.75346375],"to":[6.5,12.084776,-0.75346375],"faces":{"south":{"uv":[6.5,12.0,8.0,13.5],"tintindex":0,"rotation":0,"texture":"#0"},"north":{"uv":[5.0,12.0,6.5,13.5],"tintindex":0,"rotation":0,"texture":"#0"}}},{"from":[8.5,8.584776,-0.7034626],"to":[9.5,11.584776,-0.7034626],"faces":{"south":{"uv":[13.0,12.0,13.5,13.5],"tintindex":0,"rotation":0,"texture":"#0"},"north":{"uv":[12.0,13.0,12.5,14.5],"tintindex":0,"rotation":0,"texture":"#0"}},"rotation":{"origin":[8.5,10.584776,-0.7034626],"angle":22.5,"axis":"x"}},{"from":[6.5,8.584776,-0.7034626],"to":[7.5,11.584776,-0.7034626],"faces":{"south":{"uv":[2.0,13.5,2.5,15.0],"tintindex":0,"rotation":0,"texture":"#0"},"north":{"uv":[12.5,13.0,13.0,14.5],"tintindex":0,"rotation":0,"texture":"#0"}},"rotation":{"origin":[8.5,10.584776,-0.7034626],"angle":22.5,"axis":"x"}},{"from":[9.5,9.084776,-0.75346375],"to":[12.5,12.084776,-0.75346375],"faces":{"south":{"uv":[3.5,12.0,5.0,13.5],"tintindex":0,"rotation":0,"texture":"#0"},"north":{"uv":[2.0,12.0,3.5,13.5],"tintindex":0,"rotation":0,"texture":"#0"}}}],"display":{"head":{"rotation":[0.0,0.0,0.0]},"firstperson_righthand":{"rotation":[0.0,0.0,0.0]},"thirdperson_lefthand":{"rotation":[0.0,-0.0,-0.0]},"firstperson_lefthand":{"rotation":[0.0,-0.0,-0.0]},"fixed":{"rotation":[0.0,0.0,0.0]},"ground":{"rotation":[0.0,0.0,0.0]},"thirdperson_righthand":{"rotation":[0.0,0.0,0.0]},"gui":{"rotation":[-150.0,-45.0,180.0]}}}