{"textures":{"0":"modelengine:entity/bs_vm_crab_texture","particle":"#0"},"elements":[{"from":[4.0,8.0,10.0],"to":[8.0,8.0,11.0],"faces":{"up":{"uv":[15.0,1.5,13.0,1.0],"tintindex":0,"rotation":0,"texture":"#0"},"down":{"uv":[15.0,1.5,13.0,2.0],"tintindex":0,"rotation":0,"texture":"#0"}}},{"from":[4.0,8.0,7.5],"to":[8.0,8.0,8.5],"faces":{"up":{"uv":[15.0,0.5,13.0,0.0],"tintindex":0,"rotation":0,"texture":"#0"},"down":{"uv":[15.0,0.5,13.0,1.0],"tintindex":0,"rotation":0,"texture":"#0"}}},{"from":[4.0,8.0,5.0],"to":[8.0,8.0,6.0],"faces":{"up":{"uv":[10.0,13.5,8.0,13.0],"tintindex":0,"rotation":0,"texture":"#0"},"down":{"uv":[12.0,13.0,10.0,13.5],"tintindex":0,"rotation":0,"texture":"#0"}}}],"display":{"head":{"rotation":[0.0,0.0,0.0]},"firstperson_righthand":{"rotation":[0.0,0.0,0.0]},"thirdperson_lefthand":{"rotation":[0.0,-0.0,-0.0]},"firstperson_lefthand":{"rotation":[0.0,-0.0,-0.0]},"fixed":{"rotation":[0.0,0.0,0.0]},"ground":{"rotation":[0.0,0.0,0.0]},"thirdperson_righthand":{"rotation":[0.0,0.0,0.0]},"gui":{"rotation":[-150.0,-45.0,180.0]}}}