{"textures":{"0":"modelengine:entity/bs_vm_crab_texture","particle":"#0"},"elements":[{"from":[0.0,8.0,6.0],"to":[8.0,12.0,10.0],"faces":{"east":{"uv":[7.5,10.0,9.5,12.0],"tintindex":0,"rotation":0,"texture":"#0"},"south":{"uv":[4.0,8.0,8.0,10.0],"tintindex":0,"rotation":0,"texture":"#0"},"north":{"uv":[0.0,8.0,4.0,10.0],"tintindex":0,"rotation":0,"texture":"#0"},"west":{"uv":[9.5,10.0,11.5,12.0],"tintindex":0,"rotation":0,"texture":"#0"},"up":{"uv":[12.0,10.0,8.0,8.0],"tintindex":0,"rotation":0,"texture":"#0"},"down":{"uv":[12.5,4.0,8.5,6.0],"tintindex":0,"rotation":0,"texture":"#0"}}}],"display":{"head":{"rotation":[0.0,0.0,0.0]},"firstperson_righthand":{"rotation":[0.0,0.0,0.0]},"thirdperson_lefthand":{"rotation":[0.0,-0.0,-0.0]},"firstperson_lefthand":{"rotation":[0.0,-0.0,-0.0]},"fixed":{"rotation":[0.0,0.0,0.0]},"ground":{"rotation":[0.0,0.0,0.0]},"thirdperson_righthand":{"rotation":[0.0,0.0,0.0]},"gui":{"rotation":[-150.0,-45.0,180.0]}}}