{"overrides":[{"predicate":{"custom_model_data":1},"model":"modelengine:nocsy_otter_v2/body"},{"predicate":{"custom_model_data":2},"model":"modelengine:nocsy_otter_v2/tail"},{"predicate":{"custom_model_data":3},"model":"modelengine:nocsy_otter_v2/head"},{"predicate":{"custom_model_data":4},"model":"modelengine:nocsy_otter_v2/back_leg_left"},{"predicate":{"custom_model_data":5},"model":"modelengine:nocsy_otter_v2/front_leg_left"},{"predicate":{"custom_model_data":6},"model":"modelengine:nocsy_otter_v2/back_leg_right"},{"predicate":{"custom_model_data":7},"model":"modelengine:nocsy_otter_v2/front_leg_right"},{"predicate":{"custom_model_data":8},"model":"modelengine:rocky/body"},{"predicate":{"custom_model_data":9},"model":"modelengine:rocky/rightleg"},{"predicate":{"custom_model_data":10},"model":"modelengine:rocky/leftleg"},{"predicate":{"custom_model_data":11},"model":"modelengine:rocky/crystal3"},{"predicate":{"custom_model_data":12},"model":"modelengine:rocky/leftarm"},{"predicate":{"custom_model_data":13},"model":"modelengine:rocky/cryatla1"},{"predicate":{"custom_model_data":14},"model":"modelengine:rocky/rightarm"},{"predicate":{"custom_model_data":15},"model":"modelengine:rocky/head"},{"predicate":{"custom_model_data":16},"model":"modelengine:rocky/rightleg2"},{"predicate":{"custom_model_data":17},"model":"modelengine:rocky/rightleg4"},{"predicate":{"custom_model_data":18},"model":"modelengine:rocky/cystal3"},{"predicate":{"custom_model_data":19},"model":"modelengine:rocky/crystal2"},{"predicate":{"custom_model_data":20},"model":"modelengine:rocky/lowerleftarm"},{"predicate":{"custom_model_data":21},"model":"modelengine:rocky/lowerrightarm"},{"predicate":{"custom_model_data":22},"model":"modelengine:rocky/jaw"},{"predicate":{"custom_model_data":23},"model":"modelengine:bs_vm_armadillo/bs_vm_armadillo"},{"predicate":{"custom_model_data":24},"model":"modelengine:bs_vm_armadillo/tail"},{"predicate":{"custom_model_data":25},"model":"modelengine:bs_vm_armadillo/left_back"},{"predicate":{"custom_model_data":26},"model":"modelengine:bs_vm_armadillo/torso"},{"predicate":{"custom_model_data":27},"model":"modelengine:bs_vm_armadillo/right_back"},{"predicate":{"custom_model_data":28},"model":"modelengine:bs_vm_armadillo/right_front"},{"predicate":{"custom_model_data":29},"model":"modelengine:bs_vm_armadillo/left_front"},{"predicate":{"custom_model_data":30},"model":"modelengine:bs_vm_armadillo/head"},{"predicate":{"custom_model_data":31},"model":"modelengine:bs_vm_penguin/bs_vm_penguin"},{"predicate":{"custom_model_data":32},"model":"modelengine:bs_vm_penguin/left_wing"},{"predicate":{"custom_model_data":33},"model":"modelengine:bs_vm_penguin/right_foot"},{"predicate":{"custom_model_data":34},"model":"modelengine:bs_vm_penguin/head"},{"predicate":{"custom_model_data":35},"model":"modelengine:bs_vm_penguin/right_wing"},{"predicate":{"custom_model_data":36},"model":"modelengine:bs_vm_penguin/left_foot"},{"predicate":{"custom_model_data":37},"model":"modelengine:bs_vm_crab/bs_vm_crab"},{"predicate":{"custom_model_data":38},"model":"modelengine:bs_vm_crab/left_leg"},{"predicate":{"custom_model_data":39},"model":"modelengine:bs_vm_crab/big_claw"},{"predicate":{"custom_model_data":40},"model":"modelengine:bs_vm_crab/little_claw"},{"predicate":{"custom_model_data":41},"model":"modelengine:bs_vm_crab/right_leg"},{"predicate":{"custom_model_data":42},"model":"modelengine:bs_vm_crab/top"}],"parent":"minecraft:item/generated","textures":{"layer0":"minecraft:item/leather_horse_armor"}}