{"textures":{"0":"modelengine:entity/rocky","particle":"#0"},"elements":[{"from":[14.75,5.75,-3.25],"to":[17.0,12.5,-1.0],"faces":{"east":{"uv":[0.0,12.5,0.125,12.875],"tintindex":0,"rotation":0,"texture":"#0"},"south":{"uv":[12.5,0.0,12.625,0.375],"tintindex":0,"rotation":0,"texture":"#0"},"north":{"uv":[12.375,12.375,12.5,12.75],"tintindex":0,"rotation":0,"texture":"#0"},"west":{"uv":[0.125,12.5,0.25,12.875],"tintindex":0,"rotation":0,"texture":"#0"},"up":{"uv":[4.125,10.375,4.0,10.25],"tintindex":0,"rotation":0,"texture":"#0"},"down":{"uv":[10.5,8.625,10.375,8.75],"tintindex":0,"rotation":0,"texture":"#0"}}},{"from":[-1.0,5.75,-3.25],"to":[1.25,12.5,-1.0],"faces":{"east":{"uv":[0.375,12.5,0.5,12.875],"tintindex":0,"rotation":0,"texture":"#0"},"south":{"uv":[0.5,12.5,0.625,12.875],"tintindex":0,"rotation":0,"texture":"#0"},"north":{"uv":[0.25,12.5,0.375,12.875],"tintindex":0,"rotation":0,"texture":"#0"},"west":{"uv":[0.625,12.5,0.75,12.875],"tintindex":0,"rotation":0,"texture":"#0"},"up":{"uv":[10.5,8.875,10.375,8.75],"tintindex":0,"rotation":0,"texture":"#0"},"down":{"uv":[10.625,4.125,10.5,4.25],"tintindex":0,"rotation":0,"texture":"#0"}}},{"from":[-1.0,14.75,1.25],"to":[1.25,17.0,8.0],"faces":{"east":{"uv":[9.75,6.875,10.125,7.0],"tintindex":0,"rotation":0,"texture":"#0"},"south":{"uv":[3.5,10.75,3.625,10.875],"tintindex":0,"rotation":0,"texture":"#0"},"north":{"uv":[10.5,4.25,10.625,4.375],"tintindex":0,"rotation":0,"texture":"#0"},"west":{"uv":[2.125,9.875,2.5,10.0],"tintindex":0,"rotation":0,"texture":"#0"},"up":{"uv":[0.875,12.875,0.75,12.5],"tintindex":0,"rotation":0,"texture":"#0"},"down":{"uv":[1.0,12.5,0.875,12.875],"tintindex":0,"rotation":0,"texture":"#0"}}},{"from":[1.25,5.75,-3.25],"to":[14.75,17.0,8.0],"faces":{"east":{"uv":[7.625,10.125,8.25,10.75],"tintindex":0,"rotation":0,"texture":"#0"},"south":{"uv":[9.375,7.0,10.125,7.625],"tintindex":0,"rotation":0,"texture":"#0"},"north":{"uv":[0.75,9.25,1.5,9.875],"tintindex":0,"rotation":0,"texture":"#0"},"west":{"uv":[9.75,10.125,10.375,10.75],"tintindex":0,"rotation":0,"texture":"#0"},"up":{"uv":[10.125,8.25,9.375,7.625],"tintindex":0,"rotation":0,"texture":"#0"},"down":{"uv":[10.125,8.25,9.375,8.875],"tintindex":0,"rotation":0,"texture":"#0"}}},{"from":[14.795,3.5450015,-0.9550004],"to":[16.955,14.704998,7.955],"faces":{"east":{"uv":[10.875,3.5,11.375,4.125],"tintindex":0,"rotation":0,"texture":"#0"},"south":{"uv":[2.875,12.25,3.0,12.875],"tintindex":0,"rotation":0,"texture":"#0"},"north":{"uv":[2.5,12.25,2.625,12.875],"tintindex":0,"rotation":0,"texture":"#0"},"west":{"uv":[6.75,10.875,7.25,11.5],"tintindex":0,"rotation":0,"texture":"#0"},"up":{"uv":[12.375,6.125,12.25,5.625],"tintindex":0,"rotation":0,"texture":"#0"},"down":{"uv":[12.125,12.25,12.0,12.75],"tintindex":0,"rotation":0,"texture":"#0"}}},{"from":[3.5,17.0,-3.25],"to":[12.5,19.25,-1.0],"faces":{"east":{"uv":[5.375,10.75,5.5,10.875],"tintindex":0,"rotation":0,"texture":"#0"},"south":{"uv":[12.25,9.625,12.75,9.75],"tintindex":0,"rotation":0,"texture":"#0"},"north":{"uv":[12.25,9.5,12.75,9.625],"tintindex":0,"rotation":0,"texture":"#0"},"west":{"uv":[8.125,10.75,8.25,10.875],"tintindex":0,"rotation":0,"texture":"#0"},"up":{"uv":[12.75,9.875,12.25,9.75],"tintindex":0,"rotation":0,"texture":"#0"},"down":{"uv":[12.625,12.25,12.125,12.375],"tintindex":0,"rotation":0,"texture":"#0"}}},{"from":[10.25,12.5,-5.5],"to":[19.25,14.75,5.75],"faces":{"east":{"uv":[3.375,5.25,4.0,5.375],"tintindex":0,"rotation":0,"texture":"#0"},"south":{"uv":[7.0,2.625,7.5,2.75],"tintindex":0,"rotation":0,"texture":"#0"},"north":{"uv":[5.75,2.75,6.25,2.875],"tintindex":0,"rotation":0,"texture":"#0"},"west":{"uv":[2.75,6.375,3.375,6.5],"tintindex":0,"rotation":0,"texture":"#0"},"up":{"uv":[3.0,10.75,2.5,10.125],"tintindex":0,"rotation":0,"texture":"#0"},"down":{"uv":[5.375,10.75,4.875,11.375],"tintindex":0,"rotation":0,"texture":"#0"}}},{"from":[1.25,17.0,-1.0],"to":[14.75,19.25,8.0],"faces":{"east":{"uv":[10.875,0.5,11.375,0.625],"tintindex":0,"rotation":0,"texture":"#0"},"south":{"uv":[12.0,12.125,12.75,12.25],"tintindex":0,"rotation":0,"texture":"#0"},"north":{"uv":[11.25,12.125,12.0,12.25],"tintindex":0,"rotation":0,"texture":"#0"},"west":{"uv":[12.25,5.25,12.75,5.375],"tintindex":0,"rotation":0,"texture":"#0"},"up":{"uv":[11.375,1.75,10.625,1.25],"tintindex":0,"rotation":0,"texture":"#0"},"down":{"uv":[11.375,4.125,10.625,4.625],"tintindex":0,"rotation":0,"texture":"#0"}}},{"from":[14.75,14.75,1.25],"to":[17.0,17.0,8.0],"faces":{"east":{"uv":[6.25,6.125,6.625,6.25],"tintindex":0,"rotation":0,"texture":"#0"},"south":{"uv":[4.0,10.125,4.125,10.25],"tintindex":0,"rotation":0,"texture":"#0"},"north":{"uv":[10.125,3.0,10.25,3.125],"tintindex":0,"rotation":0,"texture":"#0"},"west":{"uv":[9.375,8.875,9.75,9.0],"tintindex":0,"rotation":0,"texture":"#0"},"up":{"uv":[5.375,7.625,5.25,7.25],"tintindex":0,"rotation":0,"texture":"#0"},"down":{"uv":[0.75,11.25,0.625,11.625],"tintindex":0,"rotation":0,"texture":"#0"}}},{"from":[-0.99550045,3.5044987,-0.99550045],"to":[1.2455,14.7455015,7.9955],"faces":{"east":{"uv":[7.625,10.75,8.125,11.375],"tintindex":0,"rotation":0,"texture":"#0"},"south":{"uv":[2.375,12.25,2.5,12.875],"tintindex":0,"rotation":0,"texture":"#0"},"north":{"uv":[4.25,7.5,4.375,8.125],"tintindex":0,"rotation":0,"texture":"#0"},"west":{"uv":[10.875,2.875,11.375,3.5],"tintindex":0,"rotation":0,"texture":"#0"},"up":{"uv":[4.25,9.0,4.125,8.5],"tintindex":0,"rotation":0,"texture":"#0"},"down":{"uv":[6.75,11.0,6.625,11.5],"tintindex":0,"rotation":0,"texture":"#0"}}},{"from":[-3.25,12.5,-5.5],"to":[5.75,14.75,5.75],"faces":{"east":{"uv":[12.25,2.375,12.875,2.5],"tintindex":0,"rotation":0,"texture":"#0"},"south":{"uv":[12.375,0.625,12.875,0.75],"tintindex":0,"rotation":0,"texture":"#0"},"north":{"uv":[12.375,0.5,12.875,0.625],"tintindex":0,"rotation":0,"texture":"#0"},"west":{"uv":[12.25,2.5,12.875,2.625],"tintindex":0,"rotation":0,"texture":"#0"},"up":{"uv":[3.75,11.625,3.25,11.0],"tintindex":0,"rotation":0,"texture":"#0"},"down":{"uv":[4.25,11.0,3.75,11.625],"tintindex":0,"rotation":0,"texture":"#0"}}}],"display":{"head":{"rotation":[0.0,0.0,0.0]},"firstperson_righthand":{"rotation":[0.0,0.0,0.0]},"thirdperson_lefthand":{"rotation":[0.0,-0.0,-0.0]},"firstperson_lefthand":{"rotation":[0.0,-0.0,-0.0]},"fixed":{"rotation":[0.0,0.0,0.0]},"ground":{"rotation":[0.0,0.0,0.0]},"thirdperson_righthand":{"rotation":[0.0,0.0,0.0]},"gui":{"rotation":[-150.0,-45.0,180.0]}}}