{"textures":{"0":"modelengine:entity/rocky","particle":"#0"},"elements":[{"from":[10.25,3.5,5.75],"to":[11.375,6.875,8.0],"faces":{"east":{"uv":[9.5,10.375,9.75,10.75],"tintindex":0,"rotation":0,"texture":"#0"},"south":{"uv":[3.5,12.5,3.625,12.875],"tintindex":0,"rotation":0,"texture":"#0"},"north":{"uv":[3.375,12.5,3.5,12.875],"tintindex":0,"rotation":0,"texture":"#0"},"west":{"uv":[1.125,12.25,1.375,12.625],"tintindex":0,"rotation":0,"texture":"#0"},"up":{"uv":[3.125,9.125,3.0,8.875],"tintindex":0,"rotation":0,"texture":"#0"},"down":{"uv":[9.875,4.375,9.75,4.625],"tintindex":0,"rotation":0,"texture":"#0"}},"rotation":{"origin":[22.625,-10.0,4.625],"angle":22.5,"axis":"z"}},{"from":[11.375,1.25,4.625],"to":[15.875,6.875,9.125],"faces":{"east":{"uv":[11.125,5.625,11.625,6.25],"tintindex":0,"rotation":0,"texture":"#0"},"south":{"uv":[11.125,8.625,11.625,9.25],"tintindex":0,"rotation":0,"texture":"#0"},"north":{"uv":[11.125,1.75,11.625,2.375],"tintindex":0,"rotation":0,"texture":"#0"},"west":{"uv":[11.125,9.25,11.625,9.875],"tintindex":0,"rotation":0,"texture":"#0"},"up":{"uv":[12.0,11.125,11.5,10.625],"tintindex":0,"rotation":0,"texture":"#0"},"down":{"uv":[12.125,0.0,11.625,0.5],"tintindex":0,"rotation":0,"texture":"#0"}},"rotation":{"origin":[22.625,-10.0,4.625],"angle":22.5,"axis":"z"}},{"from":[10.25,6.875,3.5],"to":[19.25,12.5,11.375],"faces":{"east":{"uv":[9.375,3.125,10.25,3.75],"tintindex":0,"rotation":0,"texture":"#0"},"south":{"uv":[8.875,5.25,9.875,5.875],"tintindex":0,"rotation":0,"texture":"#0"},"north":{"uv":[8.875,4.625,9.875,5.25],"tintindex":0,"rotation":0,"texture":"#0"},"west":{"uv":[9.375,3.75,10.25,4.375],"tintindex":0,"rotation":0,"texture":"#0"},"up":{"uv":[2.0,7.75,1.0,6.875],"tintindex":0,"rotation":0,"texture":"#0"},"down":{"uv":[8.0,1.75,7.0,2.625],"tintindex":0,"rotation":0,"texture":"#0"}},"rotation":{"origin":[22.625,-10.0,4.625],"angle":22.5,"axis":"z"}},{"from":[10.253375,4.628375,3.503375],"to":[18.121624,6.871625,10.246625],"faces":{"east":{"uv":[1.125,12.0,1.875,12.25],"tintindex":0,"rotation":0,"texture":"#0"},"south":{"uv":[11.75,3.875,12.625,4.125],"tintindex":0,"rotation":0,"texture":"#0"},"north":{"uv":[11.75,3.625,12.625,3.875],"tintindex":0,"rotation":0,"texture":"#0"},"west":{"uv":[1.875,12.0,2.625,12.25],"tintindex":0,"rotation":0,"texture":"#0"},"up":{"uv":[8.875,6.0,8.0,5.25],"tintindex":0,"rotation":0,"texture":"#0"},"down":{"uv":[9.125,2.625,8.25,3.375],"tintindex":0,"rotation":0,"texture":"#0"}},"rotation":{"origin":[22.625,-10.0,4.625],"angle":22.5,"axis":"z"}},{"from":[10.25,-4.375,3.5],"to":[17.0,1.25,9.125],"faces":{"east":{"uv":[10.5,8.625,11.125,9.25],"tintindex":0,"rotation":0,"texture":"#0"},"south":{"uv":[9.875,1.25,10.625,1.875],"tintindex":0,"rotation":0,"texture":"#0"},"north":{"uv":[9.875,0.625,10.625,1.25],"tintindex":0,"rotation":0,"texture":"#0"},"west":{"uv":[10.5,9.25,11.125,9.875],"tintindex":0,"rotation":0,"texture":"#0"},"up":{"uv":[10.625,5.0,9.875,4.375],"tintindex":0,"rotation":0,"texture":"#0"},"down":{"uv":[10.625,5.0,9.875,5.625],"tintindex":0,"rotation":0,"texture":"#0"}},"rotation":{"origin":[22.625,-10.0,4.625],"angle":22.5,"axis":"z"}},{"from":[9.125,6.875,4.625],"to":[10.25,11.375,10.25],"faces":{"east":{"uv":[11.0,8.125,11.625,8.625],"tintindex":0,"rotation":0,"texture":"#0"},"south":{"uv":[12.375,10.25,12.5,10.75],"tintindex":0,"rotation":0,"texture":"#0"},"north":{"uv":[10.125,12.375,10.25,12.875],"tintindex":0,"rotation":0,"texture":"#0"},"west":{"uv":[0.75,11.125,1.375,11.625],"tintindex":0,"rotation":0,"texture":"#0"},"up":{"uv":[11.875,12.875,11.75,12.25],"tintindex":0,"rotation":0,"texture":"#0"},"down":{"uv":[12.0,12.25,11.875,12.875],"tintindex":0,"rotation":0,"texture":"#0"}},"rotation":{"origin":[22.625,-10.0,4.625],"angle":22.5,"axis":"z"}},{"from":[12.5,-3.25,4.625],"to":[18.125,0.125,11.375],"faces":{"east":{"uv":[11.0,11.375,11.75,11.75],"tintindex":0,"rotation":0,"texture":"#0"},"south":{"uv":[11.75,0.875,12.375,1.25],"tintindex":0,"rotation":0,"texture":"#0"},"north":{"uv":[11.75,0.5,12.375,0.875],"tintindex":0,"rotation":0,"texture":"#0"},"west":{"uv":[11.5,2.375,12.25,2.75],"tintindex":0,"rotation":0,"texture":"#0"},"up":{"uv":[1.875,10.75,1.25,10.0],"tintindex":0,"rotation":0,"texture":"#0"},"down":{"uv":[2.5,10.0,1.875,10.75],"tintindex":0,"rotation":0,"texture":"#0"}},"rotation":{"origin":[22.625,-10.0,4.625],"angle":22.5,"axis":"z"}},{"from":[12.502251,3.5022502,3.5022502],"to":[14.74775,7.9977508,4.6227503],"faces":{"east":{"uv":[12.125,12.375,12.25,12.875],"tintindex":0,"rotation":0,"texture":"#0"},"south":{"uv":[7.625,12.125,7.875,12.625],"tintindex":0,"rotation":0,"texture":"#0"},"north":{"uv":[4.875,12.125,5.125,12.625],"tintindex":0,"rotation":0,"texture":"#0"},"west":{"uv":[12.25,12.375,12.375,12.875],"tintindex":0,"rotation":0,"texture":"#0"},"up":{"uv":[1.5,10.0,1.25,9.875],"tintindex":0,"rotation":0,"texture":"#0"},"down":{"uv":[11.625,4.5,11.375,4.625],"tintindex":0,"rotation":0,"texture":"#0"}},"rotation":{"origin":[22.625,-10.0,4.625],"angle":22.5,"axis":"z"}}],"display":{"head":{"rotation":[0.0,0.0,0.0]},"firstperson_righthand":{"rotation":[0.0,0.0,0.0]},"thirdperson_lefthand":{"rotation":[0.0,-0.0,-0.0]},"firstperson_lefthand":{"rotation":[0.0,-0.0,-0.0]},"fixed":{"rotation":[0.0,0.0,0.0]},"ground":{"rotation":[0.0,0.0,0.0]},"thirdperson_righthand":{"rotation":[0.0,0.0,0.0]},"gui":{"rotation":[-150.0,-45.0,180.0]}}}